,rc_animal_ids,rc_date,rc_winner,rc_loser,rc_winner_no_ties,rc_loser_no_ties,rc_different_result_as_previous,rc_number_of_switches,cohort,processed_cage_number,strain,rc_averaged_winner,rc_averaged_loser,rc_winner_count,rc_loser_count,rc_tie_count,rc_all_match_count_including_ties,rc_winner_count_minus_loser_count,rc_win_to_win_plus_lost_ratio,rc_win_to_all_ratio,rc_is_win_to_win_and_loss_ratio_tie,rc_tie_to_all_ratio
0,"('1.1', '1.2')",2022-07-28,"['1.2', '1.1', '1.1', '1.2', '1.2', 'tie', '1.2', '1.2', '1.2', '1.1', '1.1', '1.2', '1.1', '1.1', '1.2', '1.1', '1.1', '1.1', '1.1']","['1.1', '1.2', '1.2', '1.1', '1.1', 'tie', '1.1', '1.1', '1.1', '1.2', '1.2', '1.1', '1.2', '1.2', '1.1', '1.2', '1.2', '1.2', '1.2']","['1.2', '1.1', '1.1', '1.2', '1.2', '1.2', '1.2', '1.2', '1.1', '1.1', '1.2', '1.1', '1.1', '1.2', '1.1', '1.1', '1.1', '1.1']","['1.1', '1.2', '1.2', '1.1', '1.1', '1.1', '1.1', '1.1', '1.2', '1.2', '1.1', '1.2', '1.2', '1.1', '1.2', '1.2', '1.2', '1.2']","[True, False, True, False, False, False, False, True, False, True, True, False, True, True, False, False, False]",7,pilot_2,1,C57,1.1,1.2,10,8,1,19,2,0.5555555555555556,0.5263157894736842,True,0.05263157894736842
1,"('1.1', '1.2')",2022-07-29,"['1.1', '1.2', '1.1', '1.1', '1.1', 'tie', '1.2', 'tie', '1.1', 'tie', '1.1', 'tie', '1.2', '1.2', '1.2', 'tie', 'tie', 'tie', 'tie']","['1.2', '1.1', '1.2', '1.2', '1.2', 'tie', '1.1', 'tie', '1.2', 'tie', '1.2', 'tie', '1.1', '1.1', '1.1', 'tie', 'tie', 'tie', 'tie']","['1.1', '1.2', '1.1', '1.1', '1.1', '1.2', '1.1', '1.1', '1.2', '1.2', '1.2']","['1.2', '1.1', '1.2', '1.2', '1.2', '1.1', '1.2', '1.2', '1.1', '1.1', '1.1']","[True, True, False, False, True, True, False, True, False, False]",5,pilot_2,1,C57,1.1,1.2,6,5,8,19,1,0.5454545454545454,0.3157894736842105,True,0.42105263157894735
2,"('1.1', '1.3')",2022-07-28,"['1.1', '1.3', '1.1', '1.1', '1.3', '1.1', 'tie', '1.3', '1.1', '1.1', '1.1', 'tie', '1.1', '1.1', '1.1', '1.1', '1.1', 'tie', '1.1']","['1.3', '1.1', '1.3', '1.3', '1.1', '1.3', 'tie', '1.1', '1.3', '1.3', '1.3', 'tie', '1.3', '1.3', '1.3', '1.3', '1.3', 'tie', '1.3']","['1.1', '1.3', '1.1', '1.1', '1.3', '1.1', '1.3', '1.1', '1.1', '1.1', '1.1', '1.1', '1.1', '1.1', '1.1', '1.1']","['1.3', '1.1', '1.3', '1.3', '1.1', '1.3', '1.1', '1.3', '1.3', '1.3', '1.3', '1.3', '1.3', '1.3', '1.3', '1.3']","[True, True, False, True, True, True, True, False, False, False, False, False, False, False, False]",6,pilot_2,1,C57,1.1,1.3,13,3,3,19,10,0.8125,0.6842105263157895,False,0.15789473684210525
3,"('1.1', '1.3')",2022-07-29,"['1.1', '1.3', '1.1', '1.1', '1.1', '1.1', '1.1', '1.1', '1.1', '1.1', '1.1', '1.1', '1.1', '1.1', '1.1', '1.1', '1.1', '1.1', '1.1']","['1.3', '1.1', '1.3', '1.3', '1.3', '1.3', '1.3', '1.3', '1.3', '1.3', '1.3', '1.3', '1.3', '1.3', '1.3', '1.3', '1.3', '1.3', '1.3']","['1.1', '1.3', '1.1', '1.1', '1.1', '1.1', '1.1', '1.1', '1.1', '1.1', '1.1', '1.1', '1.1', '1.1', '1.1', '1.1', '1.1', '1.1', '1.1']","['1.3', '1.1', '1.3', '1.3', '1.3', '1.3', '1.3', '1.3', '1.3', '1.3', '1.3', '1.3', '1.3', '1.3', '1.3', '1.3', '1.3', '1.3', '1.3']","[True, True, False, False, False, False, False, False, False, False, False, False, False, False, False, False, False, False]",2,pilot_2,1,C57,1.1,1.3,18,1,0,19,17,0.9473684210526315,0.9473684210526315,False,0.0
4,"('1.1', '1.4')",2022-07-28,"['1.1', '1.1', '1.1', '1.1', '1.1', '1.1', '1.1', '1.1', '1.1', '1.1', '1.1', '1.1', '1.1', '1.1', '1.1', '1.1', '1.4', '1.1', '1.1']","['1.4', '1.4', '1.4', '1.4', '1.4', '1.4', '1.4', '1.4', '1.4', '1.4', '1.4', '1.4', '1.4', '1.4', '1.4', '1.4', '1.1', '1.4', '1.4']","['1.1', '1.1', '1.1', '1.1', '1.1', '1.1', '1.1', '1.1', '1.1', '1.1', '1.1', '1.1', '1.1', '1.1', '1.1', '1.1', '1.4', '1.1', '1.1']","['1.4', '1.4', '1.4', '1.4', '1.4', '1.4', '1.4', '1.4', '1.4', '1.4', '1.4', '1.4', '1.4', '1.4', '1.4', '1.4', '1.1', '1.4', '1.4']","[False, False, False, False, False, False, False, False, False, False, False, False, False, False, False, True, True, False]",2,pilot_2,1,C57,1.1,1.4,18,1,0,19,17,0.9473684210526315,0.9473684210526315,False,0.0
5,"('1.1', '1.4')",2022-07-29,"['1.4', '1.1', '1.4', '1.1', '1.1', '1.1', '1.1', '1.1', '1.1', '1.1', '1.1', '1.1', '1.1', '1.4', '1.1', '1.1', '1.1', '1.1', '1.1']","['1.1', '1.4', '1.1', '1.4', '1.4', '1.4', '1.4', '1.4', '1.4', '1.4', '1.4', '1.4', '1.4', '1.1', '1.4', '1.4', '1.4', '1.4', '1.4']","['1.4', '1.1', '1.4', '1.1', '1.1', '1.1', '1.1', '1.1', '1.1', '1.1', '1.1', '1.1', '1.1', '1.4', '1.1', '1.1', '1.1', '1.1', '1.1']","['1.1', '1.4', '1.1', '1.4', '1.4', '1.4', '1.4', '1.4', '1.4', '1.4', '1.4', '1.4', '1.4', '1.1', '1.4', '1.4', '1.4', '1.4', '1.4']","[True, True, True, False, False, False, False, False, False, False, False, False, True, True, False, False, False, False]",5,pilot_2,1,C57,1.1,1.4,16,3,0,19,13,0.8421052631578947,0.8421052631578947,False,0.0
6,"('1.2', '1.3')",2022-07-28,"['1.2', '1.2', '1.2', '1.2', '1.2', '1.2', '1.3', '1.2', '1.2', '1.2', '1.2', '1.2', 'tie', '1.2', '1.3', 'tie', '1.3', 'tie', 'tie']","['1.3', '1.3', '1.3', '1.3', '1.3', '1.3', '1.2', '1.3', '1.3', '1.3', '1.3', '1.3', 'tie', '1.3', '1.2', 'tie', '1.2', 'tie', 'tie']","['1.2', '1.2', '1.2', '1.2', '1.2', '1.2', '1.3', '1.2', '1.2', '1.2', '1.2', '1.2', '1.2', '1.3', '1.3']","['1.3', '1.3', '1.3', '1.3', '1.3', '1.3', '1.2', '1.3', '1.3', '1.3', '1.3', '1.3', '1.3', '1.2', '1.2']","[False, False, False, False, False, True, True, False, False, False, False, False, True, False]",3,pilot_2,1,C57,1.2,1.3,12,3,4,19,9,0.8,0.631578947368421,False,0.21052631578947367
7,"('1.2', '1.3')",2022-07-29,"['1.2', '1.2', '1.3', '1.3', '1.3', '1.2', '1.3', '1.2', '1.2', '1.3', '1.2', '1.3', '1.3', '1.2', '1.3', '1.2', 'tie', '1.2', '1.3']","['1.3', '1.3', '1.2', '1.2', '1.2', '1.3', '1.2', '1.3', '1.3', '1.2', '1.3', '1.2', '1.2', '1.3', '1.2', '1.3', 'tie', '1.3', '1.2']","['1.2', '1.2', '1.3', '1.3', '1.3', '1.2', '1.3', '1.2', '1.2', '1.3', '1.2', '1.3', '1.3', '1.2', '1.3', '1.2', '1.2', '1.3']","['1.3', '1.3', '1.2', '1.2', '1.2', '1.3', '1.2', '1.3', '1.3', '1.2', '1.3', '1.2', '1.2', '1.3', '1.2', '1.3', '1.3', '1.2']","[False, True, False, False, True, True, True, False, True, True, True, False, True, True, True, False, True]",11,pilot_2,1,C57,1.2,1.3,9,9,1,19,0,0.5,0.47368421052631576,True,0.05263157894736842
8,"('1.2', '1.4')",2022-07-28,"['1.2', '1.2', '1.4', '1.2', '1.4', '1.2', '1.2', '1.4', '1.2', '1.2', '1.2', '1.2', 'tie', 'tie', 'tie', '1.2', '1.2', 'tie', 'tie']","['1.4', '1.4', '1.2', '1.4', '1.2', '1.4', '1.4', '1.2', '1.4', '1.4', '1.4', '1.4', 'tie', 'tie', 'tie', '1.4', '1.4', 'tie', 'tie']","['1.2', '1.2', '1.4', '1.2', '1.4', '1.2', '1.2', '1.4', '1.2', '1.2', '1.2', '1.2', '1.2', '1.2']","['1.4', '1.4', '1.2', '1.4', '1.2', '1.4', '1.4', '1.2', '1.4', '1.4', '1.4', '1.4', '1.4', '1.4']","[False, True, True, True, True, False, True, True, False, False, False, False, False]",6,pilot_2,1,C57,1.2,1.4,11,3,5,19,8,0.7857142857142857,0.5789473684210527,False,0.2631578947368421
9,"('1.2', '1.4')",2022-07-29,"['1.2', '1.2', '1.4', '1.4', '1.4', '1.4', '1.2', '1.2', '1.2', '1.2', '1.2', '1.2', '1.2', '1.2', 'tie', '1.2', '1.2', '1.2', '1.4']","['1.4', '1.4', '1.2', '1.2', '1.2', '1.2', '1.4', '1.4', '1.4', '1.4', '1.4', '1.4', '1.4', '1.4', 'tie', '1.4', '1.4', '1.4', '1.2']","['1.2', '1.2', '1.4', '1.4', '1.4', '1.4', '1.2', '1.2', '1.2', '1.2', '1.2', '1.2', '1.2', '1.2', '1.2', '1.2', '1.2', '1.4']","['1.4', '1.4', '1.2', '1.2', '1.2', '1.2', '1.4', '1.4', '1.4', '1.4', '1.4', '1.4', '1.4', '1.4', '1.4', '1.4', '1.4', '1.2']","[False, True, False, False, False, True, False, False, False, False, False, False, False, False, False, False, True]",3,pilot_2,1,C57,1.2,1.4,13,5,1,19,8,0.7222222222222222,0.6842105263157895,False,0.05263157894736842
10,"('1.3', '1.4')",2022-07-28,"['1.3', '1.4', '1.4', '1.3', '1.4', '1.4', '1.3', '1.4', '1.4', '1.4', '1.4', '1.3', '1.3', '1.4', '1.3', '1.3', '1.3', '1.4', '1.4']","['1.4', '1.3', '1.3', '1.4', '1.3', '1.3', '1.4', '1.3', '1.3', '1.3', '1.3', '1.4', '1.4', '1.3', '1.4', '1.4', '1.4', '1.3', '1.3']","['1.3', '1.4', '1.4', '1.3', '1.4', '1.4', '1.3', '1.4', '1.4', '1.4', '1.4', '1.3', '1.3', '1.4', '1.3', '1.3', '1.3', '1.4', '1.4']","['1.4', '1.3', '1.3', '1.4', '1.3', '1.3', '1.4', '1.3', '1.3', '1.3', '1.3', '1.4', '1.4', '1.3', '1.4', '1.4', '1.4', '1.3', '1.3']","[True, False, True, True, False, True, True, False, False, False, True, False, True, True, False, False, True, False]",9,pilot_2,1,C57,1.4,1.3,11,8,0,19,3,0.5789473684210527,0.5789473684210527,True,0.0
11,"('1.3', '1.4')",2022-07-29,"['1.3', '1.4', '1.4', '1.4', 'tie', '1.3', '1.4', '1.3', '1.3', '1.3', '1.4', '1.4', '1.4', '1.4', '1.3', '1.3', '1.4', '1.4', '1.3']","['1.4', '1.3', '1.3', '1.3', 'tie', '1.4', '1.3', '1.4', '1.4', '1.4', '1.3', '1.3', '1.3', '1.3', '1.4', '1.4', '1.3', '1.3', '1.4']","['1.3', '1.4', '1.4', '1.4', '1.3', '1.4', '1.3', '1.3', '1.3', '1.4', '1.4', '1.4', '1.4', '1.3', '1.3', '1.4', '1.4', '1.3']","['1.4', '1.3', '1.3', '1.3', '1.4', '1.3', '1.4', '1.4', '1.4', '1.3', '1.3', '1.3', '1.3', '1.4', '1.4', '1.3', '1.3', '1.4']","[True, False, False, True, True, True, False, False, True, False, False, False, True, False, True, False, True]",8,pilot_2,1,C57,1.4,1.3,10,8,1,19,2,0.5555555555555556,0.5263157894736842,True,0.05263157894736842
12,"('2.1', '2.2')",2022-07-28,"['2.1', '2.1', '2.1', '2.1', '2.1', '2.1', '2.1', '2.1', '2.1', '2.1', '2.1', '2.1', '2.1', '2.1', '2.1', '2.1', '2.1', '2.1', '2.1']","['2.2', '2.2', '2.2', '2.2', '2.2', '2.2', '2.2', '2.2', '2.2', '2.2', '2.2', '2.2', '2.2', '2.2', '2.2', '2.2', '2.2', '2.2', '2.2']","['2.1', '2.1', '2.1', '2.1', '2.1', '2.1', '2.1', '2.1', '2.1', '2.1', '2.1', '2.1', '2.1', '2.1', '2.1', '2.1', '2.1', '2.1', '2.1']","['2.2', '2.2', '2.2', '2.2', '2.2', '2.2', '2.2', '2.2', '2.2', '2.2', '2.2', '2.2', '2.2', '2.2', '2.2', '2.2', '2.2', '2.2', '2.2']","[False, False, False, False, False, False, False, False, False, False, False, False, False, False, False, False, False, False]",0,pilot_2,2,C57,2.1,2.2,19,0,0,19,19,1.0,1.0,False,0.0
13,"('2.1', '2.2')",2022-07-29,"['2.2', '2.2', '2.2', '2.2', '2.2', '2.2', '2.2', '2.2', '2.2', '2.2', '2.2', '2.2', '2.2', '2.2', '2.1', '2.2', '2.1', '2.2', '2.1']","['2.1', '2.1', '2.1', '2.1', '2.1', '2.1', '2.1', '2.1', '2.1', '2.1', '2.1', '2.1', '2.1', '2.1', '2.2', '2.1', '2.2', '2.1', '2.2']","['2.2', '2.2', '2.2', '2.2', '2.2', '2.2', '2.2', '2.2', '2.2', '2.2', '2.2', '2.2', '2.2', '2.2', '2.1', '2.2', '2.1', '2.2', '2.1']","['2.1', '2.1', '2.1', '2.1', '2.1', '2.1', '2.1', '2.1', '2.1', '2.1', '2.1', '2.1', '2.1', '2.1', '2.2', '2.1', '2.2', '2.1', '2.2']","[False, False, False, False, False, False, False, False, False, False, False, False, False, True, True, True, True, True]",5,pilot_2,2,C57,2.2,2.1,16,3,0,19,13,0.8421052631578947,0.8421052631578947,False,0.0
14,"('2.1', '2.3')",2022-07-28,"['2.3', '2.3', '2.3', '2.3', '2.3', '2.3', '2.3', '2.3', '2.1', '2.3', '2.3', '2.3', '2.3', '2.1', '2.3', '2.3', 'tie', '2.3', '2.3']","['2.1', '2.1', '2.1', '2.1', '2.1', '2.1', '2.1', '2.1', '2.3', '2.1', '2.1', '2.1', '2.1', '2.3', '2.1', '2.1', 'tie', '2.1', '2.1']","['2.3', '2.3', '2.3', '2.3', '2.3', '2.3', '2.3', '2.3', '2.1', '2.3', '2.3', '2.3', '2.3', '2.1', '2.3', '2.3', '2.3', '2.3']","['2.1', '2.1', '2.1', '2.1', '2.1', '2.1', '2.1', '2.1', '2.3', '2.1', '2.1', '2.1', '2.1', '2.3', '2.1', '2.1', '2.1', '2.1']","[False, False, False, False, False, False, False, True, True, False, False, False, True, True, False, False, False]",4,pilot_2,2,C57,2.3,2.1,16,2,1,19,14,0.8888888888888888,0.8421052631578947,False,0.05263157894736842
15,"('2.1', '2.3')",2022-07-29,"['2.3', '2.3', '2.3', '2.3', '2.3', '2.3', 'tie', '2.1', '2.3', '2.3', '2.3', '2.3', '2.3', '2.3', '2.3', '2.3', '2.3', '2.3', '2.3']","['2.1', '2.1', '2.1', '2.1', '2.1', '2.1', 'tie', '2.3', '2.1', '2.1', '2.1', '2.1', '2.1', '2.1', '2.1', '2.1', '2.1', '2.1', '2.1']","['2.3', '2.3', '2.3', '2.3', '2.3', '2.3', '2.1', '2.3', '2.3', '2.3', '2.3', '2.3', '2.3', '2.3', '2.3', '2.3', '2.3', '2.3']","['2.1', '2.1', '2.1', '2.1', '2.1', '2.1', '2.3', '2.1', '2.1', '2.1', '2.1', '2.1', '2.1', '2.1', '2.1', '2.1', '2.1', '2.1']","[False, False, False, False, False, True, True, False, False, False, False, False, False, False, False, False, False]",2,pilot_2,2,C57,2.3,2.1,17,1,1,19,16,0.9444444444444444,0.8947368421052632,False,0.05263157894736842
16,"('2.1', '2.4')",2022-07-28,"['2.1', '2.1', 'tie', '2.4', '2.4', '2.1', '2.1', '2.1', 'tie', 'tie', '2.4', '2.1', '2.4', '2.4', '2.1', '2.1', '2.4', '2.4', '2.4']","['2.4', '2.4', 'tie', '2.1', '2.1', '2.4', '2.4', '2.4', 'tie', 'tie', '2.1', '2.4', '2.1', '2.1', '2.4', '2.4', '2.1', '2.1', '2.1']","['2.1', '2.1', '2.4', '2.4', '2.1', '2.1', '2.1', '2.4', '2.1', '2.4', '2.4', '2.1', '2.1', '2.4', '2.4', '2.4']","['2.4', '2.4', '2.1', '2.1', '2.4', '2.4', '2.4', '2.1', '2.4', '2.1', '2.1', '2.4', '2.4', '2.1', '2.1', '2.1']","[False, True, False, True, False, False, True, True, True, False, True, False, True, False, False]",7,pilot_2,2,C57,2.1,2.4,8,8,3,19,0,0.5,0.42105263157894735,True,0.15789473684210525
17,"('2.1', '2.4')",2022-07-29,"['2.4', '2.1', '2.4', '2.1', '2.4', '2.4', '2.4', '2.4', '2.4', '2.4', '2.4', '2.4', '2.4', '2.4', '2.4', '2.4', '2.4', '2.4', '2.4']","['2.1', '2.4', '2.1', '2.4', '2.1', '2.1', '2.1', '2.1', '2.1', '2.1', '2.1', '2.1', '2.1', '2.1', '2.1', '2.1', '2.1', '2.1', '2.1']","['2.4', '2.1', '2.4', '2.1', '2.4', '2.4', '2.4', '2.4', '2.4', '2.4', '2.4', '2.4', '2.4', '2.4', '2.4', '2.4', '2.4', '2.4', '2.4']","['2.1', '2.4', '2.1', '2.4', '2.1', '2.1', '2.1', '2.1', '2.1', '2.1', '2.1', '2.1', '2.1', '2.1', '2.1', '2.1', '2.1', '2.1', '2.1']","[True, True, True, True, False, False, False, False, False, False, False, False, False, False, False, False, False, False]",4,pilot_2,2,C57,2.4,2.1,17,2,0,19,15,0.8947368421052632,0.8947368421052632,False,0.0
18,"('2.2', '2.3')",2022-07-28,"['2.1', '2.1', 'tie', '2.3', '2.3', '2.1', '2.1', '2.1', 'tie', 'tie', '2.3', '2.1', '2.3', '2.3', '2.1', '2.1', '2.3', '2.3', '2.3']","['2.3', '2.3', 'tie', '2.2', '2.2', '2.3', '2.3', '2.3', 'tie', 'tie', '2.2', '2.3', '2.2', '2.2', '2.3', '2.3', '2.2', '2.2', '2.2']","['2.3', '2.3', '2.3', '2.3', '2.3', '2.3', '2.3', '2.3']","['2.3', '2.3', '2.2', '2.2', '2.3', '2.3', '2.3', '2.2', '2.3', '2.2', '2.2', '2.3', '2.3', '2.2', '2.2', '2.2']","[False, False, False, False, False, False, False]",0,pilot_2,2,C57,2.3,2.3,8,8,3,19,0,1.0,0.42105263157894735,False,0.15789473684210525
19,"('2.2', '2.3')",2022-07-29,"['2.2', '2.3', '2.3', '2.3', '2.3', '2.3', '2.3', '2.3', '2.3', '2.3', '2.2', '2.2', '2.3', '2.3', 'tie', '2.2', '2.3', '2.2', '2.3']","['2.3', '2.2', '2.2', '2.2', '2.2', '2.2', '2.2', '2.2', '2.2', '2.2', '2.3', '2.3', '2.2', '2.2', 'tie', '2.3', '2.2', '2.3', '2.2']","['2.2', '2.3', '2.3', '2.3', '2.3', '2.3', '2.3', '2.3', '2.3', '2.3', '2.2', '2.2', '2.3', '2.3', '2.2', '2.3', '2.2', '2.3']","['2.3', '2.2', '2.2', '2.2', '2.2', '2.2', '2.2', '2.2', '2.2', '2.2', '2.3', '2.3', '2.2', '2.2', '2.3', '2.2', '2.3', '2.2']","[True, False, False, False, False, False, False, False, False, True, False, True, False, True, True, True, True]",7,pilot_2,2,C57,2.3,2.2,13,5,1,19,8,0.7222222222222222,0.6842105263157895,False,0.05263157894736842
20,"('2.2', '2.4')",2022-07-28,"['2.1', '2.1', '2.1', '2.1', '2.1', '2.1', '2.4', '2.4', '2.4', '2.4', '2.4', '2.1', '2.4', '2.4', '2.1', '2.4', '2.4', '2.1', '2.1']","['2.4', '2.4', '2.4', '2.4', '2.4', '2.4', '2.2', '2.2', '2.2', '2.2', '2.2', '2.4', '2.2', '2.2', '2.4', '2.2', '2.2', '2.4', '2.4']","['2.4', '2.4', '2.4', '2.4', '2.4', '2.4', '2.4', '2.4', '2.4']","['2.4', '2.4', '2.4', '2.4', '2.4', '2.4', '2.2', '2.2', '2.2', '2.2', '2.2', '2.4', '2.2', '2.2', '2.4', '2.2', '2.2', '2.4', '2.4']","[False, False, False, False, False, False, False, False]",0,pilot_2,2,C57,2.4,2.4,9,9,0,19,0,1.0,0.47368421052631576,False,0.0
21,"('2.2', '2.4')",2022-07-29,"['2.2', '2.4', '2.4', '2.4', '2.2', '2.4', '2.2', 'tie', 'tie', 'tie', '2.2', '2.4', 'tie', '2.4', '2.2', 'tie', 'tie', '2.2', '2.2']","['2.4', '2.2', '2.2', '2.2', '2.4', '2.2', '2.4', 'tie', 'tie', 'tie', '2.4', '2.2', 'tie', '2.2', '2.4', 'tie', 'tie', '2.4', '2.4']","['2.2', '2.4', '2.4', '2.4', '2.2', '2.4', '2.2', '2.2', '2.4', '2.4', '2.2', '2.2', '2.2']","['2.4', '2.2', '2.2', '2.2', '2.4', '2.2', '2.4', '2.4', '2.2', '2.2', '2.4', '2.4', '2.4']","[True, False, False, True, True, True, False, True, False, True, False, False]",6,pilot_2,2,C57,2.2,2.4,7,6,6,19,1,0.5384615384615384,0.3684210526315789,True,0.3157894736842105
22,"('2.3', '2.4')",2022-07-28,"['2.3', '2.4', '2.4', '2.3', '2.4', '2.3', '2.3', '2.3', '2.3', '2.3', '2.3', '2.4', '2.4', '2.3', '2.3', '2.3', '2.3', '2.3', '2.4']","['2.4', '2.3', '2.3', '2.4', '2.3', '2.4', '2.4', '2.4', '2.4', '2.4', '2.4', '2.3', '2.3', '2.4', '2.4', '2.4', '2.4', '2.4', '2.3']","['2.3', '2.4', '2.4', '2.3', '2.4', '2.3', '2.3', '2.3', '2.3', '2.3', '2.3', '2.4', '2.4', '2.3', '2.3', '2.3', '2.3', '2.3', '2.4']","['2.4', '2.3', '2.3', '2.4', '2.3', '2.4', '2.4', '2.4', '2.4', '2.4', '2.4', '2.3', '2.3', '2.4', '2.4', '2.4', '2.4', '2.4', '2.3']","[True, False, True, True, True, False, False, False, False, False, True, False, True, False, False, False, False, True]",7,pilot_2,2,C57,2.3,2.4,13,6,0,19,7,0.6842105263157895,0.6842105263157895,False,0.0
23,"('2.3', '2.4')",2022-07-29,"['2.3', '2.4', '2.4', '2.4', '2.4', '2.4', '2.4', '2.4', '2.4', '2.4', '2.4', '2.4', 'tie', '2.4', '2.4', '2.4', '2.3', '2.4', '2.4']","['2.4', '2.3', '2.3', '2.3', '2.3', '2.3', '2.3', '2.3', '2.3', '2.3', '2.3', '2.3', 'tie', '2.3', '2.3', '2.3', '2.4', '2.3', '2.3']","['2.3', '2.4', '2.4', '2.4', '2.4', '2.4', '2.4', '2.4', '2.4', '2.4', '2.4', '2.4', '2.4', '2.4', '2.4', '2.3', '2.4', '2.4']","['2.4', '2.3', '2.3', '2.3', '2.3', '2.3', '2.3', '2.3', '2.3', '2.3', '2.3', '2.3', '2.3', '2.3', '2.3', '2.4', '2.3', '2.3']","[True, False, False, False, False, False, False, False, False, False, False, False, False, False, True, True, False]",3,pilot_2,2,C57,2.4,2.3,16,2,1,19,14,0.8888888888888888,0.8421052631578947,False,0.05263157894736842
24,"('3.1', '3.2')",2022-07-28,"['3.2', '3.2', '3.1', '3.1', '3.1', '3.1', '3.1', '3.1', '3.1', '3.1', '3.1', 'tie', '3.1', '3.2', '3.1', 'tie', 'tie', '3.1', '3.1']","['3.1', '3.1', '3.2', '3.2', '3.2', '3.2', '3.2', '3.2', '3.2', '3.2', '3.2', 'tie', '3.2', '3.1', '3.2', 'tie', 'tie', '3.2', '3.2']","['3.2', '3.2', '3.1', '3.1', '3.1', '3.1', '3.1', '3.1', '3.1', '3.1', '3.1', '3.1', '3.2', '3.1', '3.1', '3.1']","['3.1', '3.1', '3.2', '3.2', '3.2', '3.2', '3.2', '3.2', '3.2', '3.2', '3.2', '3.2', '3.1', '3.2', '3.2', '3.2']","[False, True, False, False, False, False, False, False, False, False, False, True, True, False, False]",3,pilot_2,3,CD1,3.1,3.2,13,3,3,19,10,0.8125,0.6842105263157895,False,0.15789473684210525
25,"('3.1', '3.2')",2022-07-29,"['3.2', '3.2', '3.2', '3.2', '3.1', '3.1', '3.1', '3.1', '3.1', '3.1', '3.1', '3.2', '3.1', '3.1', '3.1', '3.1', '3.1', '3.1', '3.1']","['3.1', '3.1', '3.1', '3.1', '3.2', '3.2', '3.2', '3.2', '3.2', '3.2', '3.2', '3.1', '3.2', '3.2', '3.2', '3.2', '3.2', '3.2', '3.2']","['3.2', '3.2', '3.2', '3.2', '3.1', '3.1', '3.1', '3.1', '3.1', '3.1', '3.1', '3.2', '3.1', '3.1', '3.1', '3.1', '3.1', '3.1', '3.1']","['3.1', '3.1', '3.1', '3.1', '3.2', '3.2', '3.2', '3.2', '3.2', '3.2', '3.2', '3.1', '3.2', '3.2', '3.2', '3.2', '3.2', '3.2', '3.2']","[False, False, False, True, False, False, False, False, False, False, True, True, False, False, False, False, False, False]",3,pilot_2,3,CD1,3.1,3.2,14,5,0,19,9,0.7368421052631579,0.7368421052631579,False,0.0
26,"('3.1', '3.3')",2022-07-28,"['3.1', '3.1', '3.1', '3.3', '3.1', '3.1', '3.1', '3.1', 'tie', '3.1', '3.1', '3.3', '3.1', '3.1', '3.1', '3.1', '3.1', '3.1', '3.3']","['3.3', '3.3', '3.3', '3.1', '3.3', '3.3', '3.3', '3.3', 'tie', '3.3', '3.3', '3.1', '3.3', '3.3', '3.3', '3.3', '3.3', '3.3', '3.1']","['3.1', '3.1', '3.1', '3.3', '3.1', '3.1', '3.1', '3.1', '3.1', '3.1', '3.3', '3.1', '3.1', '3.1', '3.1', '3.1', '3.1', '3.3']","['3.3', '3.3', '3.3', '3.1', '3.3', '3.3', '3.3', '3.3', '3.3', '3.3', '3.1', '3.3', '3.3', '3.3', '3.3', '3.3', '3.3', '3.1']","[False, False, True, True, False, False, False, False, False, True, True, False, False, False, False, False, True]",5,pilot_2,3,CD1,3.1,3.3,15,3,1,19,12,0.8333333333333334,0.7894736842105263,False,0.05263157894736842
27,"('3.1', '3.3')",2022-07-29,"['3.1', '3.1', '3.1', 'tie', '3.1', '3.1', 'tie', '3.1', 'tie', 'tie', '3.1', '3.3', '3.1', '3.3', '3.1', 'tie', 'tie', '3.1', '3.1']","['3.3', '3.3', '3.3', 'tie', '3.3', '3.3', 'tie', '3.3', 'tie', 'tie', '3.3', '3.1', '3.3', '3.1', '3.3', 'tie', 'tie', '3.3', '3.3']","['3.1', '3.1', '3.1', '3.1', '3.1', '3.1', '3.1', '3.3', '3.1', '3.3', '3.1', '3.1', '3.1']","['3.3', '3.3', '3.3', '3.3', '3.3', '3.3', '3.3', '3.1', '3.3', '3.1', '3.3', '3.3', '3.3']","[False, False, False, False, False, False, True, True, True, True, False, False]",4,pilot_2,3,CD1,3.1,3.3,11,2,6,19,9,0.8461538461538461,0.5789473684210527,False,0.3157894736842105
28,"('3.1', '3.4')",2022-07-28,"['3.1', '3.1', '3.4', '3.1', '3.1', '3.4', '3.1', '3.1', '3.1', '3.1', '3.1', '3.1', '3.1', 'tie', '3.4', '3.1', '3.1', '3.1', '3.1']","['3.4', '3.4', '3.1', '3.4', '3.4', '3.1', '3.4', '3.4', '3.4', '3.4', '3.4', '3.4', '3.4', 'tie', '3.1', '3.4', '3.4', '3.4', '3.4']","['3.1', '3.1', '3.4', '3.1', '3.1', '3.4', '3.1', '3.1', '3.1', '3.1', '3.1', '3.1', '3.1', '3.4', '3.1', '3.1', '3.1', '3.1']","['3.4', '3.4', '3.1', '3.4', '3.4', '3.1', '3.4', '3.4', '3.4', '3.4', '3.4', '3.4', '3.4', '3.1', '3.4', '3.4', '3.4', '3.4']","[False, True, True, False, True, True, False, False, False, False, False, False, True, True, False, False, False]",6,pilot_2,3,CD1,3.1,3.4,15,3,1,19,12,0.8333333333333334,0.7894736842105263,False,0.05263157894736842
29,"('3.1', '3.4')",2022-07-29,"['3.4', '3.4', '3.4', '3.1', '3.4', 'tie', '3.4', '3.4', '3.4', '3.4', '3.4', '3.4', '3.4', '3.4', 'tie', '3.1', '3.4', 'tie', '3.4']","['3.1', '3.1', '3.1', '3.4', '3.1', 'tie', '3.1', '3.1', '3.1', '3.1', '3.1', '3.1', '3.1', '3.1', 'tie', '3.4', '3.1', 'tie', '3.1']","['3.4', '3.4', '3.4', '3.1', '3.4', '3.4', '3.4', '3.4', '3.4', '3.4', '3.4', '3.4', '3.4', '3.1', '3.4', '3.4']","['3.1', '3.1', '3.1', '3.4', '3.1', '3.1', '3.1', '3.1', '3.1', '3.1', '3.1', '3.1', '3.1', '3.4', '3.1', '3.1']","[False, False, True, True, False, False, False, False, False, False, False, False, True, True, False]",4,pilot_2,3,CD1,3.4,3.1,14,2,3,19,12,0.875,0.7368421052631579,False,0.15789473684210525
30,"('3.2', '3.3')",2022-07-28,"['3.2', '3.2', '3.2', '3.2', '3.2', 'tie', '3.3', '3.3', 'tie', '3.3', '3.3', '3.3', '3.3', '3.2', '3.3', '3.3', '3.3', '3.3', '3.2']","['3.3', '3.3', '3.3', '3.3', '3.3', 'tie', '3.2', '3.2', 'tie', '3.2', '3.2', '3.2', '3.2', '3.3', '3.2', '3.2', '3.2', '3.2', '3.3']","['3.2', '3.2', '3.2', '3.2', '3.2', '3.3', '3.3', '3.3', '3.3', '3.3', '3.3', '3.2', '3.3', '3.3', '3.3', '3.3', '3.2']","['3.3', '3.3', '3.3', '3.3', '3.3', '3.2', '3.2', '3.2', '3.2', '3.2', '3.2', '3.3', '3.2', '3.2', '3.2', '3.2', '3.3']","[False, False, False, False, True, False, False, False, False, False, True, True, False, False, False, True]",4,pilot_2,3,CD1,3.3,3.2,10,7,2,19,3,0.5882352941176471,0.5263157894736842,True,0.10526315789473684
31,"('3.2', '3.3')",2022-07-29,"['3.3', '3.3', '3.2', '3.3', '3.3', '3.3', '3.3', '3.3', '3.3', '3.2', '3.3', '3.3', '3.2', '3.3', '3.3', '3.3', '3.3', '3.3', '3.3']","['3.2', '3.2', '3.3', '3.2', '3.2', '3.2', '3.2', '3.2', '3.2', '3.3', '3.2', '3.2', '3.3', '3.2', '3.2', '3.2', '3.2', '3.2', '3.2']","['3.3', '3.3', '3.2', '3.3', '3.3', '3.3', '3.3', '3.3', '3.3', '3.2', '3.3', '3.3', '3.2', '3.3', '3.3', '3.3', '3.3', '3.3', '3.3']","['3.2', '3.2', '3.3', '3.2', '3.2', '3.2', '3.2', '3.2', '3.2', '3.3', '3.2', '3.2', '3.3', '3.2', '3.2', '3.2', '3.2', '3.2', '3.2']","[False, True, True, False, False, False, False, False, True, True, False, True, True, False, False, False, False, False]",6,pilot_2,3,CD1,3.3,3.2,16,3,0,19,13,0.8421052631578947,0.8421052631578947,False,0.0
32,"('3.2', '3.4')",2022-07-28,"['3.2', '3.2', '3.2', '3.2', '3.2', '3.2', 'tie', '3.4', 'tie', '3.2', 'tie', '3.4', 'tie', '3.4', '3.4', '3.4', '3.4', '3.4', '3.4']","['3.4', '3.4', '3.4', '3.4', '3.4', '3.4', 'tie', '3.2', 'tie', '3.4', 'tie', '3.2', 'tie', '3.2', '3.2', '3.2', '3.2', '3.2', '3.2']","['3.2', '3.2', '3.2', '3.2', '3.2', '3.2', '3.4', '3.2', '3.4', '3.4', '3.4', '3.4', '3.4', '3.4', '3.4']","['3.4', '3.4', '3.4', '3.4', '3.4', '3.4', '3.2', '3.4', '3.2', '3.2', '3.2', '3.2', '3.2', '3.2', '3.2']","[False, False, False, False, False, True, True, True, False, False, False, False, False, False]",3,pilot_2,3,CD1,3.4,3.2,8,7,4,19,1,0.5333333333333333,0.42105263157894735,True,0.21052631578947367
33,"('3.2', '3.4')",2022-07-29,"['3.4', '3.2', '3.4', '3.2', '3.4', '3.4', '3.4', '3.4', '3.4', '3.4', '3.2', '3.2', '3.2', '3.4', 'tie', '3.4', '3.4', '3.4', '3.4']","['3.2', '3.4', '3.2', '3.4', '3.2', '3.2', '3.2', '3.2', '3.2', '3.2', '3.4', '3.4', '3.4', '3.2', 'tie', '3.2', '3.2', '3.2', '3.2']","['3.4', '3.2', '3.4', '3.2', '3.4', '3.4', '3.4', '3.4', '3.4', '3.4', '3.2', '3.2', '3.2', '3.4', '3.4', '3.4', '3.4', '3.4']","['3.2', '3.4', '3.2', '3.4', '3.2', '3.2', '3.2', '3.2', '3.2', '3.2', '3.4', '3.4', '3.4', '3.2', '3.2', '3.2', '3.2', '3.2']","[True, True, True, True, False, False, False, False, False, True, False, False, True, False, False, False, False]",6,pilot_2,3,CD1,3.4,3.2,13,5,1,19,8,0.7222222222222222,0.6842105263157895,False,0.05263157894736842
34,"('3.3', '3.4')",2022-07-28,"['3.4', '3.3', '3.4', '3.3', '3.3', '3.4', '3.3', '3.4', '3.3', '3.4', '3.3', 'tie', '3.3', '3.4', '3.3', '3.4', '3.4', '3.4', '3.3']","['3.3', '3.4', '3.3', '3.4', '3.4', '3.3', '3.4', '3.3', '3.4', '3.3', '3.4', 'tie', '3.4', '3.3', '3.4', '3.3', '3.3', '3.3', '3.4']","['3.4', '3.3', '3.4', '3.3', '3.3', '3.4', '3.3', '3.4', '3.3', '3.4', '3.3', '3.3', '3.4', '3.3', '3.4', '3.4', '3.4', '3.3']","['3.3', '3.4', '3.3', '3.4', '3.4', '3.3', '3.4', '3.3', '3.4', '3.3', '3.4', '3.4', '3.3', '3.4', '3.3', '3.3', '3.3', '3.4']","[True, True, True, False, True, True, True, True, True, True, False, True, True, True, False, False, True]",13,pilot_2,3,CD1,3.4,3.3,9,9,1,19,0,0.5,0.47368421052631576,True,0.05263157894736842
35,"('3.3', '3.4')",2022-07-29,"['3.3', '3.4', '3.3', '3.4', '3.4', '3.4', '3.4', '3.4', '3.4', '3.3', '3.3', '3.3', 'tie', '3.4', '3.4', '3.4', '3.4', 'tie', '3.3']","['3.4', '3.3', '3.4', '3.3', '3.3', '3.3', '3.3', '3.3', '3.3', '3.4', '3.4', '3.4', 'tie', '3.3', '3.3', '3.3', '3.3', 'tie', '3.4']","['3.3', '3.4', '3.3', '3.4', '3.4', '3.4', '3.4', '3.4', '3.4', '3.3', '3.3', '3.3', '3.4', '3.4', '3.4', '3.4', '3.3']","['3.4', '3.3', '3.4', '3.3', '3.3', '3.3', '3.3', '3.3', '3.3', '3.4', '3.4', '3.4', '3.3', '3.3', '3.3', '3.3', '3.4']","[True, True, True, False, False, False, False, False, True, False, False, True, False, False, False, True]",6,pilot_2,3,CD1,3.4,3.3,11,6,2,19,5,0.6470588235294118,0.5789473684210527,False,0.10526315789473684
36,"('4.1', '4.2')",2022-07-28,"['4.1', '4.2', '4.2', '4.1', '4.2', '4.2', '4.2', 'tie', 'tie', '4.2', '4.2', '4.1', '4.2', '4.2', '4.2', '4.2', '4.1', '4.2', '4.1']","['4.2', '4.1', '4.1', '4.2', '4.1', '4.1', '4.1', 'tie', 'tie', '4.1', '4.1', '4.2', '4.1', '4.1', '4.1', '4.1', '4.2', '4.1', '4.2']","['4.1', '4.2', '4.2', '4.1', '4.2', '4.2', '4.2', '4.2', '4.2', '4.1', '4.2', '4.2', '4.2', '4.2', '4.1', '4.2', '4.1']","['4.2', '4.1', '4.1', '4.2', '4.1', '4.1', '4.1', '4.1', '4.1', '4.2', '4.1', '4.1', '4.1', '4.1', '4.2', '4.1', '4.2']","[True, False, True, True, False, False, False, False, True, True, False, False, False, True, True, True]",8,pilot_2,4,CD1,4.2,4.1,12,5,2,19,7,0.7058823529411765,0.631578947368421,False,0.10526315789473684
37,"('4.1', '4.2')",2022-07-29,"['4.1', '4.2', '4.2', '4.2', '4.2', '4.2', '4.2', '4.2', '4.1', '4.2', '4.2', '4.2', '4.2', '4.1', '4.1', '4.2', '4.2', '4.1', '4.2']","['4.2', '4.1', '4.1', '4.1', '4.1', '4.1', '4.1', '4.1', '4.2', '4.1', '4.1', '4.1', '4.1', '4.2', '4.2', '4.1', '4.1', '4.2', '4.1']","['4.1', '4.2', '4.2', '4.2', '4.2', '4.2', '4.2', '4.2', '4.1', '4.2', '4.2', '4.2', '4.2', '4.1', '4.1', '4.2', '4.2', '4.1', '4.2']","['4.2', '4.1', '4.1', '4.1', '4.1', '4.1', '4.1', '4.1', '4.2', '4.1', '4.1', '4.1', '4.1', '4.2', '4.2', '4.1', '4.1', '4.2', '4.1']","[True, False, False, False, False, False, False, True, True, False, False, False, True, False, True, False, True, True]",7,pilot_2,4,CD1,4.2,4.1,14,5,0,19,9,0.7368421052631579,0.7368421052631579,False,0.0
38,"('4.1', '4.3')",2022-07-28,"['tie', '4.3', '4.1', 'tie', '4.3', '4.3', '4.3', '4.3', '4.3', '4.3', '4.1', '4.3', '4.3', '4.3', '4.3', '4.1', '4.3', '4.3', '4.1']","['tie', '4.1', '4.3', 'tie', '4.1', '4.1', '4.1', '4.1', '4.1', '4.1', '4.3', '4.1', '4.1', '4.1', '4.1', '4.3', '4.1', '4.1', '4.3']","['4.3', '4.1', '4.3', '4.3', '4.3', '4.3', '4.3', '4.3', '4.1', '4.3', '4.3', '4.3', '4.3', '4.1', '4.3', '4.3', '4.1']","['4.1', '4.3', '4.1', '4.1', '4.1', '4.1', '4.1', '4.1', '4.3', '4.1', '4.1', '4.1', '4.1', '4.3', '4.1', '4.1', '4.3']","[True, True, False, False, False, False, False, True, True, False, False, False, True, True, False, True]",7,pilot_2,4,CD1,4.3,4.1,13,4,2,19,9,0.7647058823529411,0.6842105263157895,False,0.10526315789473684
39,"('4.1', '4.3')",2022-07-29,"['4.3', '4.3', '4.1', '4.3', '4.3', '4.3', '4.3', '4.3', '4.3', '4.3', '4.3', '4.3', '4.1', '4.1', '4.3', 'tie', '4.1', '4.3', '4.1']","['4.1', '4.1', '4.3', '4.1', '4.1', '4.1', '4.1', '4.1', '4.1', '4.1', '4.1', '4.1', '4.3', '4.3', '4.1', 'tie', '4.3', '4.1', '4.3']","['4.3', '4.3', '4.1', '4.3', '4.3', '4.3', '4.3', '4.3', '4.3', '4.3', '4.3', '4.3', '4.1', '4.1', '4.3', '4.1', '4.3', '4.1']","['4.1', '4.1', '4.3', '4.1', '4.1', '4.1', '4.1', '4.1', '4.1', '4.1', '4.1', '4.1', '4.3', '4.3', '4.1', '4.3', '4.1', '4.3']","[False, True, True, False, False, False, False, False, False, False, False, True, False, True, True, True, True]",7,pilot_2,4,CD1,4.3,4.1,13,5,1,19,8,0.7222222222222222,0.6842105263157895,False,0.05263157894736842
40,"('4.1', '4.4')",2022-07-28,"['4.4', '4.1', '4.4', '4.4', '4.1', '4.1', '4.1', '4.1', '4.1', '4.1', '4.1', '4.4', '4.4', '4.4', '4.1', '4.1', '4.4', '4.1', '4.1']","['4.1', '4.4', '4.1', '4.1', '4.4', '4.4', '4.4', '4.4', '4.4', '4.4', '4.4', '4.1', '4.1', '4.1', '4.4', '4.4', '4.1', '4.4', '4.4']","['4.4', '4.1', '4.4', '4.4', '4.1', '4.1', '4.1', '4.1', '4.1', '4.1', '4.1', '4.4', '4.4', '4.4', '4.1', '4.1', '4.4', '4.1', '4.1']","['4.1', '4.4', '4.1', '4.1', '4.4', '4.4', '4.4', '4.4', '4.4', '4.4', '4.4', '4.1', '4.1', '4.1', '4.4', '4.4', '4.1', '4.4', '4.4']","[True, True, False, True, False, False, False, False, False, False, True, False, False, True, False, True, True, False]",7,pilot_2,4,CD1,4.1,4.4,12,7,0,19,5,0.631578947368421,0.631578947368421,False,0.0
41,"('4.1', '4.4')",2022-07-29,"['4.4', '4.4', '4.4', '4.1', '4.4', 'tie', '4.4', '4.1', 'tie', '4.4', '4.4', '4.4', '4.4', '4.4', '4.4', '4.4', '4.4', '4.4', '4.1']","['4.1', '4.1', '4.1', '4.4', '4.1', 'tie', '4.1', '4.4', 'tie', '4.1', '4.1', '4.1', '4.1', '4.1', '4.1', '4.1', '4.1', '4.1', '4.4']","['4.4', '4.4', '4.4', '4.1', '4.4', '4.4', '4.1', '4.4', '4.4', '4.4', '4.4', '4.4', '4.4', '4.4', '4.4', '4.4', '4.1']","['4.1', '4.1', '4.1', '4.4', '4.1', '4.1', '4.4', '4.1', '4.1', '4.1', '4.1', '4.1', '4.1', '4.1', '4.1', '4.1', '4.4']","[False, False, True, True, False, True, True, False, False, False, False, False, False, False, False, True]",5,pilot_2,4,CD1,4.4,4.1,14,3,2,19,11,0.8235294117647058,0.7368421052631579,False,0.10526315789473684
42,"('4.2', '4.3')",2022-07-28,"['4.3', '4.3', '4.3', 'tie', 'tie', '4.3', '4.2', '4.2', '4.2', '4.2', 'tie', '4.2', '4.2', '4.2', '4.3', 'tie', '4.2', '4.2', '4.2']","['4.2', '4.2', '4.2', 'tie', 'tie', '4.2', '4.3', '4.3', '4.3', '4.3', 'tie', '4.3', '4.3', '4.3', '4.2', 'tie', '4.3', '4.3', '4.3']","['4.3', '4.3', '4.3', '4.3', '4.2', '4.2', '4.2', '4.2', '4.2', '4.2', '4.2', '4.3', '4.2', '4.2', '4.2']","['4.2', '4.2', '4.2', '4.2', '4.3', '4.3', '4.3', '4.3', '4.3', '4.3', '4.3', '4.2', '4.3', '4.3', '4.3']","[False, False, False, True, False, False, False, False, False, False, True, True, False, False]",3,pilot_2,4,CD1,4.2,4.3,10,5,4,19,5,0.6666666666666666,0.5263157894736842,False,0.21052631578947367
43,"('4.2', '4.3')",2022-07-29,"['4.3', '4.3', '4.3', '4.3', '4.3', '4.3', '4.2', '4.2', '4.3', 'tie', '4.2', '4.3', '4.3', '4.3', '4.2', '4.3', '4.2', '4.3', '4.2']","['4.2', '4.2', '4.2', '4.2', '4.2', '4.2', '4.3', '4.3', '4.2', 'tie', '4.3', '4.2', '4.2', '4.2', '4.3', '4.2', '4.3', '4.2', '4.3']","['4.3', '4.3', '4.3', '4.3', '4.3', '4.3', '4.2', '4.2', '4.3', '4.2', '4.3', '4.3', '4.3', '4.2', '4.3', '4.2', '4.3', '4.2']","['4.2', '4.2', '4.2', '4.2', '4.2', '4.2', '4.3', '4.3', '4.2', '4.3', '4.2', '4.2', '4.2', '4.3', '4.2', '4.3', '4.2', '4.3']","[False, False, False, False, False, True, False, True, True, True, False, False, True, True, True, True, True]",9,pilot_2,4,CD1,4.3,4.2,12,6,1,19,6,0.6666666666666666,0.631578947368421,False,0.05263157894736842
44,"('4.2', '4.4')",2022-07-28,"['4.2', '4.2', '4.2', '4.2', '4.2', 'tie', '4.2', '4.2', '4.2', '4.2', '4.2', '4.2', '4.4', 'tie', '4.4', '4.4', '4.4', '4.4', '4.2']","['4.4', '4.4', '4.4', '4.4', '4.4', 'tie', '4.4', '4.4', '4.4', '4.4', '4.4', '4.4', '4.2', 'tie', '4.2', '4.2', '4.2', '4.2', '4.4']","['4.2', '4.2', '4.2', '4.2', '4.2', '4.2', '4.2', '4.2', '4.2', '4.2', '4.2', '4.4', '4.4', '4.4', '4.4', '4.4', '4.2']","['4.4', '4.4', '4.4', '4.4', '4.4', '4.4', '4.4', '4.4', '4.4', '4.4', '4.4', '4.2', '4.2', '4.2', '4.2', '4.2', '4.4']","[False, False, False, False, False, False, False, False, False, False, True, False, False, False, False, True]",2,pilot_2,4,CD1,4.2,4.4,12,5,2,19,7,0.7058823529411765,0.631578947368421,False,0.10526315789473684
45,"('4.2', '4.4')",2022-07-29,"['4.2', '4.4', '4.2', '4.2', '4.4', '4.4', '4.4', 'tie', 'tie', '4.2', '4.4', '4.4', '4.4', '4.2', '4.4', 'tie', 'tie', '4.4', '4.2']","['4.4', '4.2', '4.4', '4.4', '4.2', '4.2', '4.2', 'tie', 'tie', '4.4', '4.2', '4.2', '4.2', '4.4', '4.2', 'tie', 'tie', '4.2', '4.4']","['4.2', '4.4', '4.2', '4.2', '4.4', '4.4', '4.4', '4.2', '4.4', '4.4', '4.4', '4.2', '4.4', '4.4', '4.2']","['4.4', '4.2', '4.4', '4.4', '4.2', '4.2', '4.2', '4.4', '4.2', '4.2', '4.2', '4.4', '4.2', '4.2', '4.4']","[True, True, False, True, False, False, True, True, False, False, True, True, False, True]",8,pilot_2,4,CD1,4.4,4.2,9,6,4,19,3,0.6,0.47368421052631576,False,0.21052631578947367
46,"('4.3', '4.4')",2022-07-28,"['4.4', '4.3', '4.3', '4.4', '4.3', '4.4', '4.4', '4.4', '4.4', '4.4', '4.4', '4.4', '4.3', '4.4', '4.4', '4.3', '4.3', '4.4', '4.3']","['4.3', '4.4', '4.4', '4.3', '4.4', '4.3', '4.3', '4.3', '4.3', '4.3', '4.3', '4.3', '4.4', '4.3', '4.3', '4.4', '4.4', '4.3', '4.4']","['4.4', '4.3', '4.3', '4.4', '4.3', '4.4', '4.4', '4.4', '4.4', '4.4', '4.4', '4.4', '4.3', '4.4', '4.4', '4.3', '4.3', '4.4', '4.3']","['4.3', '4.4', '4.4', '4.3', '4.4', '4.3', '4.3', '4.3', '4.3', '4.3', '4.3', '4.3', '4.4', '4.3', '4.3', '4.4', '4.4', '4.3', '4.4']","[True, False, True, True, True, False, False, False, False, False, False, True, True, False, True, False, True, True]",9,pilot_2,4,CD1,4.4,4.3,12,7,0,19,5,0.631578947368421,0.631578947368421,False,0.0
47,"('4.3', '4.4')",2022-07-29,"['4.3', '4.3', '4.4', '4.3', 'tie', '4.3', '4.4', '4.3', '4.4', '4.4', '4.4', '4.3', '4.4', '4.4', '4.3', '4.4', '4.4', '4.3', '4.3']","['4.4', '4.4', '4.3', '4.4', 'tie', '4.4', '4.3', '4.4', '4.3', '4.3', '4.3', '4.4', '4.3', '4.3', '4.4', '4.3', '4.3', '4.4', '4.4']","['4.3', '4.3', '4.4', '4.3', '4.3', '4.4', '4.3', '4.4', '4.4', '4.4', '4.3', '4.4', '4.4', '4.3', '4.4', '4.4', '4.3', '4.3']","['4.4', '4.4', '4.3', '4.4', '4.4', '4.3', '4.4', '4.3', '4.3', '4.3', '4.4', '4.3', '4.3', '4.4', '4.3', '4.3', '4.4', '4.4']","[False, True, True, False, True, True, True, False, False, True, True, False, True, True, False, True, False]",10,pilot_2,4,CD1,4.3,4.4,9,9,1,19,0,0.5,0.47368421052631576,True,0.05263157894736842
48,"('5.1', '5.2')",2022-07-28,"['5.1', '5.1', '5.1', '5.2', '5.2', '5.1', '5.1', '5.2', '5.2', '5.2', 'tie', '5.1', '5.1', '5.2', '5.1', '5.2', '5.2', 'tie', '5.2']","['5.2', '5.2', '5.2', '5.1', '5.1', '5.2', '5.2', '5.1', '5.1', '5.1', 'tie', '5.2', '5.2', '5.1', '5.2', '5.1', '5.1', 'tie', '5.1']","['5.1', '5.1', '5.1', '5.2', '5.2', '5.1', '5.1', '5.2', '5.2', '5.2', '5.1', '5.1', '5.2', '5.1', '5.2', '5.2', '5.2']","['5.2', '5.2', '5.2', '5.1', '5.1', '5.2', '5.2', '5.1', '5.1', '5.1', '5.2', '5.2', '5.1', '5.2', '5.1', '5.1', '5.1']","[False, False, True, False, True, False, True, False, False, True, False, True, True, True, False, False]",7,pilot_2,5,,5.2,5.1,9,8,2,19,1,0.5294117647058824,0.47368421052631576,True,0.10526315789473684
49,"('5.1', '5.2')",2022-07-29,"['5.1', 'tie', 'tie', '5.2', 'tie', 'tie', '5.2', '5.1', '5.2', '5.2', '5.2', '5.2', '5.2', 'tie', '5.2', '5.1', '5.2', '5.2', '5.2']","['5.2', 'tie', 'tie', '5.1', 'tie', 'tie', '5.1', '5.2', '5.1', '5.1', '5.1', '5.1', '5.1', 'tie', '5.1', '5.2', '5.1', '5.1', '5.1']","['5.1', '5.2', '5.2', '5.1', '5.2', '5.2', '5.2', '5.2', '5.2', '5.2', '5.1', '5.2', '5.2', '5.2']","['5.2', '5.1', '5.1', '5.2', '5.1', '5.1', '5.1', '5.1', '5.1', '5.1', '5.2', '5.1', '5.1', '5.1']","[True, False, True, True, False, False, False, False, False, True, True, False, False]",5,pilot_2,5,,5.2,5.1,11,3,5,19,8,0.7857142857142857,0.5789473684210527,False,0.2631578947368421
50,"('5.1', '5.3')",2022-07-28,"['5.1', '5.3', '5.1', '5.1', '5.1', '5.1', '5.1', '5.1', '5.1', '5.1', 'tie', 'tie', '5.1', '5.1', 'tie', '5.1', '5.1', '5.1', 'tie']","['5.3', '5.1', '5.3', '5.3', '5.3', '5.3', '5.3', '5.3', '5.3', '5.3', 'tie', 'tie', '5.3', '5.3', 'tie', '5.3', '5.3', '5.3', 'tie']","['5.1', '5.3', '5.1', '5.1', '5.1', '5.1', '5.1', '5.1', '5.1', '5.1', '5.1', '5.1', '5.1', '5.1', '5.1']","['5.3', '5.1', '5.3', '5.3', '5.3', '5.3', '5.3', '5.3', '5.3', '5.3', '5.3', '5.3', '5.3', '5.3', '5.3']","[True, True, False, False, False, False, False, False, False, False, False, False, False, False]",2,pilot_2,5,,5.1,5.3,14,1,4,19,13,0.9333333333333333,0.7368421052631579,False,0.21052631578947367
51,"('5.1', '5.3')",2022-07-29,"['5.3', '5.1', '5.1', '5.1', '5.1', '5.1', '5.1', '5.3', '5.3', '5.1', '5.1', '5.1', '5.1', '5.1', '5.1', '5.1', '5.1', '5.1', '5.1']","['5.1', '5.3', '5.3', '5.3', '5.3', '5.3', '5.3', '5.1', '5.1', '5.3', '5.3', '5.3', '5.3', '5.3', '5.3', '5.3', '5.3', '5.3', '5.3']","['5.3', '5.1', '5.1', '5.1', '5.1', '5.1', '5.1', '5.3', '5.3', '5.1', '5.1', '5.1', '5.1', '5.1', '5.1', '5.1', '5.1', '5.1', '5.1']","['5.1', '5.3', '5.3', '5.3', '5.3', '5.3', '5.3', '5.1', '5.1', '5.3', '5.3', '5.3', '5.3', '5.3', '5.3', '5.3', '5.3', '5.3', '5.3']","[True, False, False, False, False, False, True, False, True, False, False, False, False, False, False, False, False, False]",3,pilot_2,5,,5.1,5.3,16,3,0,19,13,0.8421052631578947,0.8421052631578947,False,0.0
52,"('5.1', '5.4')",2022-07-28,"['5.4', '5.4', '5.4', '5.1', '5.4', '5.4', '5.4', '5.4', '5.1', '5.1', '5.4', '5.4', '5.1', '5.1', '5.4', '5.4', '5.4', '5.4', '5.1']","['5.1', '5.1', '5.1', '5.4', '5.1', '5.1', '5.1', '5.1', '5.4', '5.4', '5.1', '5.1', '5.4', '5.4', '5.1', '5.1', '5.1', '5.1', '5.4']","['5.4', '5.4', '5.4', '5.1', '5.4', '5.4', '5.4', '5.4', '5.1', '5.1', '5.4', '5.4', '5.1', '5.1', '5.4', '5.4', '5.4', '5.4', '5.1']","['5.1', '5.1', '5.1', '5.4', '5.1', '5.1', '5.1', '5.1', '5.4', '5.4', '5.1', '5.1', '5.4', '5.4', '5.1', '5.1', '5.1', '5.1', '5.4']","[False, False, True, True, False, False, False, True, False, True, False, True, False, True, False, False, False, True]",7,pilot_2,5,,5.4,5.1,13,6,0,19,7,0.6842105263157895,0.6842105263157895,False,0.0
53,"('5.1', '5.4')",2022-07-29,"['5.1', '5.1', 'tie', '5.1', '5.1', '5.4', '5.4', '5.4', '5.1', '5.4', '5.1', '5.4', '5.1', '5.4', '5.1', '5.1', '5.1', '5.4', '5.4']","['5.4', '5.4', 'tie', '5.4', '5.4', '5.1', '5.1', '5.1', '5.4', '5.1', '5.4', '5.1', '5.4', '5.1', '5.4', '5.4', '5.4', '5.1', '5.1']","['5.1', '5.1', '5.1', '5.1', '5.4', '5.4', '5.4', '5.1', '5.4', '5.1', '5.4', '5.1', '5.4', '5.1', '5.1', '5.1', '5.4', '5.4']","['5.4', '5.4', '5.4', '5.4', '5.1', '5.1', '5.1', '5.4', '5.1', '5.4', '5.1', '5.4', '5.1', '5.4', '5.4', '5.4', '5.1', '5.1']","[False, False, False, True, False, False, True, True, True, True, True, True, True, False, False, True, False]",9,pilot_2,5,,5.1,5.4,10,8,1,19,2,0.5555555555555556,0.5263157894736842,True,0.05263157894736842
54,"('5.2', '5.3')",2022-07-28,"['5.3', '5.3', '5.3', '5.3', '5.3', '5.2', '5.2', '5.2', '5.2', '5.2', '5.2', '5.2', '5.2', '5.1', '5.2', '5.2', '5.2', '5.2', '5.2']","['5.2', '5.2', '5.2', '5.2', '5.2', '5.3', '5.3', '5.3', '5.3', '5.3', '5.3', '5.3', '5.3', '5.2', '5.3', '5.3', '5.3', '5.3', '5.3']","['5.3', '5.3', '5.3', '5.3', '5.3', '5.2', '5.2', '5.2', '5.2', '5.2', '5.2', '5.2', '5.2', '5.2', '5.2', '5.2', '5.2', '5.2']","['5.2', '5.2', '5.2', '5.2', '5.2', '5.3', '5.3', '5.3', '5.3', '5.3', '5.3', '5.3', '5.3', '5.2', '5.3', '5.3', '5.3', '5.3', '5.3']","[False, False, False, False, True, False, False, False, False, False, False, False, False, False, False, False, False]",1,pilot_2,5,,5.2,5.3,13,5,0,19,8,0.7222222222222222,0.6842105263157895,False,0.0
55,"('5.2', '5.3')",2022-07-29,"['5.2', '5.2', '5.2', '5.2', '5.2', '5.2', '5.2', '5.2', '5.2', 'tie', '5.2', 'tie', 'tie', 'tie', '5.2', '5.2', 'tie', '5.2', '5.2']","['5.3', '5.3', '5.3', '5.3', '5.3', '5.3', '5.3', '5.3', '5.3', 'tie', '5.3', 'tie', 'tie', 'tie', '5.3', '5.3', 'tie', '5.3', '5.3']","['5.2', '5.2', '5.2', '5.2', '5.2', '5.2', '5.2', '5.2', '5.2', '5.2', '5.2', '5.2', '5.2', '5.2']","['5.3', '5.3', '5.3', '5.3', '5.3', '5.3', '5.3', '5.3', '5.3', '5.3', '5.3', '5.3', '5.3', '5.3']","[False, False, False, False, False, False, False, False, False, False, False, False, False]",0,pilot_2,5,,5.2,5.3,14,0,5,19,14,1.0,0.7368421052631579,False,0.2631578947368421
56,"('5.2', '5.4')",2022-07-28,"['5.2', 'tie', '5.4', 'tie', 'tie', 'tie', '5.2', 'tie', '5.2', '5.2', '5.2', '5.4', '5.2', '5.4', '5.4', 'tie', '5.2', 'tie', '5.2']","['5.4', 'tie', '5.2', 'tie', 'tie', 'tie', '5.4', 'tie', '5.4', '5.4', '5.4', '5.2', '5.4', '5.2', '5.2', 'tie', '5.4', 'tie', '5.4']","['5.2', '5.4', '5.2', '5.2', '5.2', '5.2', '5.4', '5.2', '5.4', '5.4', '5.2', '5.2']","['5.4', '5.2', '5.4', '5.4', '5.4', '5.4', '5.2', '5.4', '5.2', '5.2', '5.4', '5.4']","[True, True, False, False, False, True, True, True, False, True, False]",6,pilot_2,5,,5.2,5.4,8,4,7,19,4,0.6666666666666666,0.42105263157894735,False,0.3684210526315789
57,"('5.2', '5.4')",2022-07-29,"['5.2', '5.2', '5.2', '5.2', '5.2', '5.2', '5.2', '5.2', '5.2', '5.2', '5.2', '5.4', '5.2', '5.4', '5.4', '5.4', '5.2', '5.4', '5.4']","['5.4', '5.4', '5.4', '5.4', '5.4', '5.4', '5.4', '5.4', '5.4', '5.4', '5.4', '5.2', '5.4', '5.2', '5.2', '5.2', '5.4', '5.2', '5.2']","['5.2', '5.2', '5.2', '5.2', '5.2', '5.2', '5.2', '5.2', '5.2', '5.2', '5.2', '5.4', '5.2', '5.4', '5.4', '5.4', '5.2', '5.4', '5.4']","['5.4', '5.4', '5.4', '5.4', '5.4', '5.4', '5.4', '5.4', '5.4', '5.4', '5.4', '5.2', '5.4', '5.2', '5.2', '5.2', '5.4', '5.2', '5.2']","[False, False, False, False, False, False, False, False, False, False, True, True, True, False, False, True, True, False]",5,pilot_2,5,,5.2,5.4,13,6,0,19,7,0.6842105263157895,0.6842105263157895,False,0.0
58,"('5.3', '5.4')",2022-07-28,"['5.4', '5.4', '5.4', '5.4', '5.4', '5.4', '5.4', '5.4', '5.4', '5.4', '5.4', '5.4', '5.3', '5.3', '5.3', '5.3', '5.4', '5.3', '5.3']","['5.3', '5.3', '5.3', '5.3', '5.3', '5.3', '5.3', '5.3', '5.3', '5.3', '5.3', '5.3', '5.4', '5.4', '5.4', '5.4', '5.3', '5.4', '5.4']","['5.4', '5.4', '5.4', '5.4', '5.4', '5.4', '5.4', '5.4', '5.4', '5.4', '5.4', '5.4', '5.3', '5.3', '5.3', '5.3', '5.4', '5.3', '5.3']","['5.3', '5.3', '5.3', '5.3', '5.3', '5.3', '5.3', '5.3', '5.3', '5.3', '5.3', '5.3', '5.4', '5.4', '5.4', '5.4', '5.3', '5.4', '5.4']","[False, False, False, False, False, False, False, False, False, False, False, True, False, False, False, True, True, False]",3,pilot_2,5,,5.4,5.3,13,6,0,19,7,0.6842105263157895,0.6842105263157895,False,0.0
59,"('5.3', '5.4')",2022-07-29,"['5.3', '5.3', '5.4', '5.4', 'tie', '5.4', '5.4', '5.3', '5.4', 'tie', 'tie', 'tie', '5.4', 'tie', 'tie', 'tie', 'tie', '5.3', '5.4']","['5.4', '5.4', '5.3', '5.3', 'tie', '5.3', '5.3', '5.4', '5.3', 'tie', 'tie', 'tie', '5.3', 'tie', 'tie', 'tie', 'tie', '5.4', '5.3']","['5.3', '5.3', '5.4', '5.4', '5.4', '5.4', '5.3', '5.4', '5.4', '5.3', '5.4']","['5.4', '5.4', '5.3', '5.3', '5.3', '5.3', '5.4', '5.3', '5.3', '5.4', '5.3']","[False, True, False, False, False, True, True, False, True, True]",5,pilot_2,5,,5.4,5.3,7,4,8,19,3,0.6363636363636364,0.3684210526315789,False,0.42105263157894735
60,"('6.1', '6.2')",2022-07-28,"['6.1', '6.1', 'tie', '6.1', '6.2', '6.1', '6.1', '6.1', '6.2', '6.2', '6.1', '6.1', '6.2', '6.2', '6.2', '6.2', '6.1', '6.2', '6.1']","['6.2', '6.2', 'tie', '6.2', '6.1', '6.2', '6.2', '6.2', '6.1', '6.1', '6.2', '6.2', '6.1', '6.1', '6.1', '6.1', '6.2', '6.1', '6.2']","['6.1', '6.1', '6.1', '6.2', '6.1', '6.1', '6.1', '6.2', '6.2', '6.1', '6.1', '6.2', '6.2', '6.2', '6.2', '6.1', '6.2', '6.1']","['6.2', '6.2', '6.2', '6.1', '6.2', '6.2', '6.2', '6.1', '6.1', '6.2', '6.2', '6.1', '6.1', '6.1', '6.1', '6.2', '6.1', '6.2']","[False, False, True, True, False, False, True, False, True, False, True, False, False, False, True, True, True]",8,pilot_2,6,,6.1,6.2,10,8,1,19,2,0.5555555555555556,0.5263157894736842,True,0.05263157894736842
61,"('6.1', '6.2')",2022-07-29,"['6.1', '6.1', '6.2', '6.1', '6.1', '6.2', '6.1', '6.2', '6.2', '6.1', '6.2', '6.1', 'tie', '6.2', '6.2', '6.2', '6.2', '6.1', '6.1']","['6.2', '6.2', '6.1', '6.2', '6.2', '6.1', '6.2', '6.1', '6.1', '6.2', '6.1', '6.2', 'tie', '6.1', '6.1', '6.1', '6.1', '6.2', '6.2']","['6.1', '6.1', '6.2', '6.1', '6.1', '6.2', '6.1', '6.2', '6.2', '6.1', '6.2', '6.1', '6.2', '6.2', '6.2', '6.2', '6.1', '6.1']","['6.2', '6.2', '6.1', '6.2', '6.2', '6.1', '6.2', '6.1', '6.1', '6.2', '6.1', '6.2', '6.1', '6.1', '6.1', '6.1', '6.2', '6.2']","[False, True, True, False, True, True, True, False, True, True, True, True, False, False, False, True, False]",10,pilot_2,6,,6.1,6.2,9,9,1,19,0,0.5,0.47368421052631576,True,0.05263157894736842
62,"('6.1', '6.3')",2022-07-28,"['tie', '6.1', '6.1', '6.1', '6.3', '6.3', '6.1', '6.1', '6.3', '6.1', '6.3', '6.1', '6.1', '6.3', '6.1', '6.3', '6.3', '6.3', 'tie']","['tie', '6.3', '6.3', '6.3', '6.1', '6.1', '6.3', '6.3', '6.1', '6.3', '6.1', '6.3', '6.3', '6.1', '6.3', '6.1', '6.1', '6.1', 'tie']","['6.1', '6.1', '6.1', '6.3', '6.3', '6.1', '6.1', '6.3', '6.1', '6.3', '6.1', '6.1', '6.3', '6.1', '6.3', '6.3', '6.3']","['6.3', '6.3', '6.3', '6.1', '6.1', '6.3', '6.3', '6.1', '6.3', '6.1', '6.3', '6.3', '6.1', '6.3', '6.1', '6.1', '6.1']","[False, False, True, False, True, False, True, True, True, True, False, True, True, True, False, False]",9,pilot_2,6,,6.1,6.3,9,8,2,19,1,0.5294117647058824,0.47368421052631576,True,0.10526315789473684
63,"('6.1', '6.3')",2022-07-29,"['6.1', '6.1', '6.1', '6.1', '6.1', '6.1', '6.1', '6.1', '6.1', '6.1', '6.3', '6.1', '6.1', '6.1', '6.3', '6.1', '6.1', 'tie', '6.1']","['6.3', '6.3', '6.3', '6.3', '6.3', '6.3', '6.3', '6.3', '6.3', '6.3', '6.1', '6.3', '6.3', '6.3', '6.1', '6.3', '6.3', 'tie', '6.3']","['6.1', '6.1', '6.1', '6.1', '6.1', '6.1', '6.1', '6.1', '6.1', '6.1', '6.3', '6.1', '6.1', '6.1', '6.3', '6.1', '6.1', '6.1']","['6.3', '6.3', '6.3', '6.3', '6.3', '6.3', '6.3', '6.3', '6.3', '6.3', '6.1', '6.3', '6.3', '6.3', '6.1', '6.3', '6.3', '6.3']","[False, False, False, False, False, False, False, False, False, True, True, False, False, True, True, False, False]",4,pilot_2,6,,6.1,6.3,16,2,1,19,14,0.8888888888888888,0.8421052631578947,False,0.05263157894736842
64,"('6.1', '6.4')",2022-07-28,"['6.1', '6.1', '6.1', '6.1', '6.1', '6.1', '6.1', '6.1', '6.1', '6.1', '6.1', '6.1', '6.1', '6.1', '6.1', '6.1', '6.1', '6.1', '6.1']","['6.4', '6.4', '6.4', '6.4', '6.4', '6.4', '6.4', '6.4', '6.4', '6.4', '6.4', '6.4', '6.4', '6.4', '6.4', '6.4', '6.4', '6.4', '6.4']","['6.1', '6.1', '6.1', '6.1', '6.1', '6.1', '6.1', '6.1', '6.1', '6.1', '6.1', '6.1', '6.1', '6.1', '6.1', '6.1', '6.1', '6.1', '6.1']","['6.4', '6.4', '6.4', '6.4', '6.4', '6.4', '6.4', '6.4', '6.4', '6.4', '6.4', '6.4', '6.4', '6.4', '6.4', '6.4', '6.4', '6.4', '6.4']","[False, False, False, False, False, False, False, False, False, False, False, False, False, False, False, False, False, False]",0,pilot_2,6,,6.1,6.4,19,0,0,19,19,1.0,1.0,False,0.0
65,"('6.1', '6.4')",2022-07-29,"['6.1', '6.1', '6.1', '6.4', 'tie', '6.1', '6.1', '6.1', '6.1', '6.4', '6.1', '6.1', '6.1', '6.1', '6.1', '6.1', '6.1', '6.1', '6.1']","['6.4', '6.4', '6.4', '6.1', 'tie', '6.4', '6.4', '6.4', '6.4', '6.1', '6.4', '6.4', '6.4', '6.4', '6.4', '6.4', '6.4', '6.4', '6.4']","['6.1', '6.1', '6.1', '6.4', '6.1', '6.1', '6.1', '6.1', '6.4', '6.1', '6.1', '6.1', '6.1', '6.1', '6.1', '6.1', '6.1', '6.1']","['6.4', '6.4', '6.4', '6.1', '6.4', '6.4', '6.4', '6.4', '6.1', '6.4', '6.4', '6.4', '6.4', '6.4', '6.4', '6.4', '6.4', '6.4']","[False, False, True, True, False, False, False, True, True, False, False, False, False, False, False, False, False]",4,pilot_2,6,,6.1,6.4,16,2,1,19,14,0.8888888888888888,0.8421052631578947,False,0.05263157894736842
66,"('6.2', '6.3')",2022-07-28,"['6.2', '6.3', 'tie', '6.3', '6.2', '6.2', '6.2', '6.2', '6.2', '6.2', '6.2', 'tie', '6.3', '6.3', '6.3', 'tie', 'tie', '6.3', '6.3']","['6.3', '6.2', 'tie', '6.2', '6.3', '6.3', '6.3', '6.3', '6.3', '6.3', '6.3', 'tie', '6.2', '6.2', '6.2', 'tie', 'tie', '6.2', '6.2']","['6.2', '6.3', '6.3', '6.2', '6.2', '6.2', '6.2', '6.2', '6.2', '6.2', '6.3', '6.3', '6.3', '6.3', '6.3']","['6.3', '6.2', '6.2', '6.3', '6.3', '6.3', '6.3', '6.3', '6.3', '6.3', '6.2', '6.2', '6.2', '6.2', '6.2']","[True, False, True, False, False, False, False, False, False, True, False, False, False, False]",3,pilot_2,6,,6.2,6.3,8,7,4,19,1,0.5333333333333333,0.42105263157894735,True,0.21052631578947367
67,"('6.2', '6.3')",2022-07-29,"['6.2', '6.3', '6.3', '6.3', '6.2', '6.3', '6.3', '6.2', '6.3', '6.2', '6.2', '6.3', '6.2', '6.2', '6.2', '6.3', '6.3', '6.3', '6.3']","['6.3', '6.2', '6.2', '6.2', '6.3', '6.2', '6.2', '6.3', '6.2', '6.3', '6.3', '6.2', '6.3', '6.3', '6.3', '6.2', '6.2', '6.2', '6.2']","['6.2', '6.3', '6.3', '6.3', '6.2', '6.3', '6.3', '6.2', '6.3', '6.2', '6.2', '6.3', '6.2', '6.2', '6.2', '6.3', '6.3', '6.3', '6.3']","['6.3', '6.2', '6.2', '6.2', '6.3', '6.2', '6.2', '6.3', '6.2', '6.3', '6.3', '6.2', '6.3', '6.3', '6.3', '6.2', '6.2', '6.2', '6.2']","[True, False, False, True, True, False, True, True, True, False, True, True, False, False, True, False, False, False]",9,pilot_2,6,,6.3,6.2,11,8,0,19,3,0.5789473684210527,0.5789473684210527,True,0.0
68,"('6.2', '6.4')",2022-07-28,"['6.4', '6.4', '6.4', '6.4', '6.4', '6.4', 'tie', '6.2', 'tie', '6.4', '6.4', '6.4', '6.4', '6.4', '6.4', '6.4', 'tie', '6.4', '6.4']","['6.2', '6.2', '6.2', '6.2', '6.2', '6.2', 'tie', '6.4', 'tie', '6.2', '6.2', '6.2', '6.2', '6.2', '6.2', '6.2', 'tie', '6.2', '6.2']","['6.4', '6.4', '6.4', '6.4', '6.4', '6.4', '6.2', '6.4', '6.4', '6.4', '6.4', '6.4', '6.4', '6.4', '6.4', '6.4']","['6.2', '6.2', '6.2', '6.2', '6.2', '6.2', '6.4', '6.2', '6.2', '6.2', '6.2', '6.2', '6.2', '6.2', '6.2', '6.2']","[False, False, False, False, False, True, True, False, False, False, False, False, False, False, False]",2,pilot_2,6,,6.4,6.2,15,1,3,19,14,0.9375,0.7894736842105263,False,0.15789473684210525
69,"('6.2', '6.4')",2022-07-29,"['6.4', '6.4', '6.4', '6.4', '6.4', '6.4', '6.4', '6.4', '6.4', '6.4', '6.4', '6.4', '6.4', '6.4', '6.4', '6.4', '6.4', '6.4', '6.4']","['6.2', '6.2', '6.2', '6.2', '6.2', '6.2', '6.2', '6.2', '6.2', '6.2', '6.2', '6.2', '6.2', '6.2', '6.2', '6.2', '6.2', '6.2', '6.2']","['6.4', '6.4', '6.4', '6.4', '6.4', '6.4', '6.4', '6.4', '6.4', '6.4', '6.4', '6.4', '6.4', '6.4', '6.4', '6.4', '6.4', '6.4', '6.4']","['6.2', '6.2', '6.2', '6.2', '6.2', '6.2', '6.2', '6.2', '6.2', '6.2', '6.2', '6.2', '6.2', '6.2', '6.2', '6.2', '6.2', '6.2', '6.2']","[False, False, False, False, False, False, False, False, False, False, False, False, False, False, False, False, False, False]",0,pilot_2,6,,6.4,6.2,19,0,0,19,19,1.0,1.0,False,0.0
70,"('6.3', '6.4')",2022-07-28,"['6.3', '6.4', '6.4', '6.3', '6.3', '6.4', '6.3', '6.3', '6.3', '6.3', '6.3', '6.3', '6.4', '6.4', '6.4', '6.3', '6.4', '6.3', '6.4']","['6.4', '6.3', '6.3', '6.4', '6.4', '6.3', '6.4', '6.4', '6.4', '6.4', '6.4', '6.4', '6.3', '6.3', '6.3', '6.4', '6.3', '6.4', '6.3']","['6.3', '6.4', '6.4', '6.3', '6.3', '6.4', '6.3', '6.3', '6.3', '6.3', '6.3', '6.3', '6.4', '6.4', '6.4', '6.3', '6.4', '6.3', '6.4']","['6.4', '6.3', '6.3', '6.4', '6.4', '6.3', '6.4', '6.4', '6.4', '6.4', '6.4', '6.4', '6.3', '6.3', '6.3', '6.4', '6.3', '6.4', '6.3']","[True, False, True, False, True, True, False, False, False, False, False, True, False, False, True, True, True, True]",9,pilot_2,6,,6.3,6.4,11,8,0,19,3,0.5789473684210527,0.5789473684210527,True,0.0
71,"('6.3', '6.4')",2022-07-29,"['6.4', 'tie', '6.3', '6.3', 'tie', 'tie', '6.3', '6.3', '6.4', '6.3', '6.4', '6.3', '6.3', '6.3', '6.3', '6.3', '6.4', 'tie', '6.3']","['6.3', 'tie', '6.4', '6.4', 'tie', 'tie', '6.4', '6.4', '6.3', '6.4', '6.3', '6.4', '6.4', '6.4', '6.4', '6.4', '6.3', 'tie', '6.4']","['6.4', '6.3', '6.3', '6.3', '6.3', '6.4', '6.3', '6.4', '6.3', '6.3', '6.3', '6.3', '6.3', '6.4', '6.3']","['6.3', '6.4', '6.4', '6.4', '6.4', '6.3', '6.4', '6.3', '6.4', '6.4', '6.4', '6.4', '6.4', '6.3', '6.4']","[True, False, False, False, True, True, True, True, False, False, False, False, True, True]",7,pilot_2,6,,6.3,6.4,11,4,4,19,7,0.7333333333333333,0.5789473684210527,False,0.21052631578947367
