,rc_animal_ids,rc_winner,rc_loser,rc_average_number_of_switches,rc_winner_no_ties,rc_loser_no_ties,rc_averaged_winner,rc_averaged_loser,rc_winner_count,rc_loser_count,rc_tie_count,rc_all_match_count_including_ties,rc_winner_count_minus_loser_count,rc_win_to_win_plus_lost_ratio,rc_win_to_all_ratio,rc_is_win_to_win_and_loss_ratio_tie,rc_tie_to_all_ratio,processed_cage_number,cohort
0,"('1.1', '1.2')","['1.2', '1.1', '1.1', '1.2', '1.2', 'tie', '1.2', '1.2', '1.2', '1.1', '1.1', '1.2', '1.1', '1.1', '1.2', '1.1', '1.1', '1.1', '1.1', '1.1', '1.2', '1.1', '1.1', '1.1', 'tie', '1.2', 'tie', '1.1', 'tie', '1.1', 'tie', '1.2', '1.2', '1.2', 'tie', 'tie', 'tie', 'tie']","['1.1', '1.2', '1.2', '1.1', '1.1', 'tie', '1.1', '1.1', '1.1', '1.2', '1.2', '1.1', '1.2', '1.2', '1.1', '1.2', '1.2', '1.2', '1.2', '1.2', '1.1', '1.2', '1.2', '1.2', 'tie', '1.1', 'tie', '1.2', 'tie', '1.2', 'tie', '1.1', '1.1', '1.1', 'tie', 'tie', 'tie', 'tie']",6.0,"['1.2', '1.1', '1.1', '1.2', '1.2', '1.2', '1.2', '1.2', '1.1', '1.1', '1.2', '1.1', '1.1', '1.2', '1.1', '1.1', '1.1', '1.1', '1.1', '1.2', '1.1', '1.1', '1.1', '1.2', '1.1', '1.1', '1.2', '1.2', '1.2']","['1.1', '1.2', '1.2', '1.1', '1.1', '1.1', '1.1', '1.1', '1.2', '1.2', '1.1', '1.2', '1.2', '1.1', '1.2', '1.2', '1.2', '1.2', '1.2', '1.1', '1.2', '1.2', '1.2', '1.1', '1.2', '1.2', '1.1', '1.1', '1.1']",1.1,1.2,16,13,9,38,3,0.5517241379310345,0.42105263157894735,True,0.23684210526315788,1,pilot_2
1,"('1.1', '1.3')","['1.1', '1.3', '1.1', '1.1', '1.3', '1.1', 'tie', '1.3', '1.1', '1.1', '1.1', 'tie', '1.1', '1.1', '1.1', '1.1', '1.1', 'tie', '1.1', '1.1', '1.3', '1.1', '1.1', '1.1', '1.1', '1.1', '1.1', '1.1', '1.1', '1.1', '1.1', '1.1', '1.1', '1.1', '1.1', '1.1', '1.1', '1.1']","['1.3', '1.1', '1.3', '1.3', '1.1', '1.3', 'tie', '1.1', '1.3', '1.3', '1.3', 'tie', '1.3', '1.3', '1.3', '1.3', '1.3', 'tie', '1.3', '1.3', '1.1', '1.3', '1.3', '1.3', '1.3', '1.3', '1.3', '1.3', '1.3', '1.3', '1.3', '1.3', '1.3', '1.3', '1.3', '1.3', '1.3', '1.3']",4.0,"['1.1', '1.3', '1.1', '1.1', '1.3', '1.1', '1.3', '1.1', '1.1', '1.1', '1.1', '1.1', '1.1', '1.1', '1.1', '1.1', '1.1', '1.3', '1.1', '1.1', '1.1', '1.1', '1.1', '1.1', '1.1', '1.1', '1.1', '1.1', '1.1', '1.1', '1.1', '1.1', '1.1', '1.1', '1.1']","['1.3', '1.1', '1.3', '1.3', '1.1', '1.3', '1.1', '1.3', '1.3', '1.3', '1.3', '1.3', '1.3', '1.3', '1.3', '1.3', '1.3', '1.1', '1.3', '1.3', '1.3', '1.3', '1.3', '1.3', '1.3', '1.3', '1.3', '1.3', '1.3', '1.3', '1.3', '1.3', '1.3', '1.3', '1.3']",1.1,1.3,31,4,3,38,27,0.8857142857142857,0.8157894736842105,False,0.07894736842105263,1,pilot_2
2,"('1.1', '1.4')","['1.1', '1.1', '1.1', '1.1', '1.1', '1.1', '1.1', '1.1', '1.1', '1.1', '1.1', '1.1', '1.1', '1.1', '1.1', '1.1', '1.4', '1.1', '1.1', '1.4', '1.1', '1.4', '1.1', '1.1', '1.1', '1.1', '1.1', '1.1', '1.1', '1.1', '1.1', '1.1', '1.4', '1.1', '1.1', '1.1', '1.1', '1.1']","['1.4', '1.4', '1.4', '1.4', '1.4', '1.4', '1.4', '1.4', '1.4', '1.4', '1.4', '1.4', '1.4', '1.4', '1.4', '1.4', '1.1', '1.4', '1.4', '1.1', '1.4', '1.1', '1.4', '1.4', '1.4', '1.4', '1.4', '1.4', '1.4', '1.4', '1.4', '1.4', '1.1', '1.4', '1.4', '1.4', '1.4', '1.4']",3.5,"['1.1', '1.1', '1.1', '1.1', '1.1', '1.1', '1.1', '1.1', '1.1', '1.1', '1.1', '1.1', '1.1', '1.1', '1.1', '1.1', '1.4', '1.1', '1.1', '1.4', '1.1', '1.4', '1.1', '1.1', '1.1', '1.1', '1.1', '1.1', '1.1', '1.1', '1.1', '1.1', '1.4', '1.1', '1.1', '1.1', '1.1', '1.1']","['1.4', '1.4', '1.4', '1.4', '1.4', '1.4', '1.4', '1.4', '1.4', '1.4', '1.4', '1.4', '1.4', '1.4', '1.4', '1.4', '1.1', '1.4', '1.4', '1.1', '1.4', '1.1', '1.4', '1.4', '1.4', '1.4', '1.4', '1.4', '1.4', '1.4', '1.4', '1.4', '1.1', '1.4', '1.4', '1.4', '1.4', '1.4']",1.1,1.4,34,4,0,38,30,0.8947368421052632,0.8947368421052632,False,0.0,1,pilot_2
3,"('1.2', '1.3')","['1.2', '1.2', '1.2', '1.2', '1.2', '1.2', '1.3', '1.2', '1.2', '1.2', '1.2', '1.2', 'tie', '1.2', '1.3', 'tie', '1.3', 'tie', 'tie', '1.2', '1.2', '1.3', '1.3', '1.3', '1.2', '1.3', '1.2', '1.2', '1.3', '1.2', '1.3', '1.3', '1.2', '1.3', '1.2', 'tie', '1.2', '1.3']","['1.3', '1.3', '1.3', '1.3', '1.3', '1.3', '1.2', '1.3', '1.3', '1.3', '1.3', '1.3', 'tie', '1.3', '1.2', 'tie', '1.2', 'tie', 'tie', '1.3', '1.3', '1.2', '1.2', '1.2', '1.3', '1.2', '1.3', '1.3', '1.2', '1.3', '1.2', '1.2', '1.3', '1.2', '1.3', 'tie', '1.3', '1.2']",7.0,"['1.2', '1.2', '1.2', '1.2', '1.2', '1.2', '1.3', '1.2', '1.2', '1.2', '1.2', '1.2', '1.2', '1.3', '1.3', '1.2', '1.2', '1.3', '1.3', '1.3', '1.2', '1.3', '1.2', '1.2', '1.3', '1.2', '1.3', '1.3', '1.2', '1.3', '1.2', '1.2', '1.3']","['1.3', '1.3', '1.3', '1.3', '1.3', '1.3', '1.2', '1.3', '1.3', '1.3', '1.3', '1.3', '1.3', '1.2', '1.2', '1.3', '1.3', '1.2', '1.2', '1.2', '1.3', '1.2', '1.3', '1.3', '1.2', '1.3', '1.2', '1.2', '1.3', '1.2', '1.3', '1.3', '1.2']",1.2,1.3,21,12,5,38,9,0.6363636363636364,0.5526315789473685,False,0.13157894736842105,1,pilot_2
4,"('1.2', '1.4')","['1.2', '1.2', '1.4', '1.2', '1.4', '1.2', '1.2', '1.4', '1.2', '1.2', '1.2', '1.2', 'tie', 'tie', 'tie', '1.2', '1.2', 'tie', 'tie', '1.2', '1.2', '1.4', '1.4', '1.4', '1.4', '1.2', '1.2', '1.2', '1.2', '1.2', '1.2', '1.2', '1.2', 'tie', '1.2', '1.2', '1.2', '1.4']","['1.4', '1.4', '1.2', '1.4', '1.2', '1.4', '1.4', '1.2', '1.4', '1.4', '1.4', '1.4', 'tie', 'tie', 'tie', '1.4', '1.4', 'tie', 'tie', '1.4', '1.4', '1.2', '1.2', '1.2', '1.2', '1.4', '1.4', '1.4', '1.4', '1.4', '1.4', '1.4', '1.4', 'tie', '1.4', '1.4', '1.4', '1.2']",4.5,"['1.2', '1.2', '1.4', '1.2', '1.4', '1.2', '1.2', '1.4', '1.2', '1.2', '1.2', '1.2', '1.2', '1.2', '1.2', '1.2', '1.4', '1.4', '1.4', '1.4', '1.2', '1.2', '1.2', '1.2', '1.2', '1.2', '1.2', '1.2', '1.2', '1.2', '1.2', '1.4']","['1.4', '1.4', '1.2', '1.4', '1.2', '1.4', '1.4', '1.2', '1.4', '1.4', '1.4', '1.4', '1.4', '1.4', '1.4', '1.4', '1.2', '1.2', '1.2', '1.2', '1.4', '1.4', '1.4', '1.4', '1.4', '1.4', '1.4', '1.4', '1.4', '1.4', '1.4', '1.2']",1.2,1.4,24,8,6,38,16,0.75,0.631578947368421,False,0.15789473684210525,1,pilot_2
5,"('1.3', '1.4')","['1.3', '1.4', '1.4', '1.3', '1.4', '1.4', '1.3', '1.4', '1.4', '1.4', '1.4', '1.3', '1.3', '1.4', '1.3', '1.3', '1.3', '1.4', '1.4', '1.3', '1.4', '1.4', '1.4', 'tie', '1.3', '1.4', '1.3', '1.3', '1.3', '1.4', '1.4', '1.4', '1.4', '1.3', '1.3', '1.4', '1.4', '1.3']","['1.4', '1.3', '1.3', '1.4', '1.3', '1.3', '1.4', '1.3', '1.3', '1.3', '1.3', '1.4', '1.4', '1.3', '1.4', '1.4', '1.4', '1.3', '1.3', '1.4', '1.3', '1.3', '1.3', 'tie', '1.4', '1.3', '1.4', '1.4', '1.4', '1.3', '1.3', '1.3', '1.3', '1.4', '1.4', '1.3', '1.3', '1.4']",8.5,"['1.3', '1.4', '1.4', '1.3', '1.4', '1.4', '1.3', '1.4', '1.4', '1.4', '1.4', '1.3', '1.3', '1.4', '1.3', '1.3', '1.3', '1.4', '1.4', '1.3', '1.4', '1.4', '1.4', '1.3', '1.4', '1.3', '1.3', '1.3', '1.4', '1.4', '1.4', '1.4', '1.3', '1.3', '1.4', '1.4', '1.3']","['1.4', '1.3', '1.3', '1.4', '1.3', '1.3', '1.4', '1.3', '1.3', '1.3', '1.3', '1.4', '1.4', '1.3', '1.4', '1.4', '1.4', '1.3', '1.3', '1.4', '1.3', '1.3', '1.3', '1.4', '1.3', '1.4', '1.4', '1.4', '1.3', '1.3', '1.3', '1.3', '1.4', '1.4', '1.3', '1.3', '1.4']",1.4,1.3,21,16,1,38,5,0.5675675675675675,0.5526315789473685,True,0.02631578947368421,1,pilot_2
6,"('2.1', '2.2')","['2.1', '2.1', '2.1', '2.1', '2.1', '2.1', '2.1', '2.1', '2.1', '2.1', '2.1', '2.1', '2.1', '2.1', '2.1', '2.1', '2.1', '2.1', '2.1', '2.2', '2.2', '2.2', '2.2', '2.2', '2.2', '2.2', '2.2', '2.2', '2.2', '2.2', '2.2', '2.2', '2.2', '2.1', '2.2', '2.1', '2.2', '2.1']","['2.2', '2.2', '2.2', '2.2', '2.2', '2.2', '2.2', '2.2', '2.2', '2.2', '2.2', '2.2', '2.2', '2.2', '2.2', '2.2', '2.2', '2.2', '2.2', '2.1', '2.1', '2.1', '2.1', '2.1', '2.1', '2.1', '2.1', '2.1', '2.1', '2.1', '2.1', '2.1', '2.1', '2.2', '2.1', '2.2', '2.1', '2.2']",2.5,"['2.1', '2.1', '2.1', '2.1', '2.1', '2.1', '2.1', '2.1', '2.1', '2.1', '2.1', '2.1', '2.1', '2.1', '2.1', '2.1', '2.1', '2.1', '2.1', '2.2', '2.2', '2.2', '2.2', '2.2', '2.2', '2.2', '2.2', '2.2', '2.2', '2.2', '2.2', '2.2', '2.2', '2.1', '2.2', '2.1', '2.2', '2.1']","['2.2', '2.2', '2.2', '2.2', '2.2', '2.2', '2.2', '2.2', '2.2', '2.2', '2.2', '2.2', '2.2', '2.2', '2.2', '2.2', '2.2', '2.2', '2.2', '2.1', '2.1', '2.1', '2.1', '2.1', '2.1', '2.1', '2.1', '2.1', '2.1', '2.1', '2.1', '2.1', '2.1', '2.2', '2.1', '2.2', '2.1', '2.2']",2.1,2.2,22,16,0,38,6,0.5789473684210527,0.5789473684210527,True,0.0,2,pilot_2
7,"('2.1', '2.3')","['2.3', '2.3', '2.3', '2.3', '2.3', '2.3', '2.3', '2.3', '2.1', '2.3', '2.3', '2.3', '2.3', '2.1', '2.3', '2.3', 'tie', '2.3', '2.3', '2.3', '2.3', '2.3', '2.3', '2.3', '2.3', 'tie', '2.1', '2.3', '2.3', '2.3', '2.3', '2.3', '2.3', '2.3', '2.3', '2.3', '2.3', '2.3']","['2.1', '2.1', '2.1', '2.1', '2.1', '2.1', '2.1', '2.1', '2.3', '2.1', '2.1', '2.1', '2.1', '2.3', '2.1', '2.1', 'tie', '2.1', '2.1', '2.1', '2.1', '2.1', '2.1', '2.1', '2.1', 'tie', '2.3', '2.1', '2.1', '2.1', '2.1', '2.1', '2.1', '2.1', '2.1', '2.1', '2.1', '2.1']",3.0,"['2.3', '2.3', '2.3', '2.3', '2.3', '2.3', '2.3', '2.3', '2.1', '2.3', '2.3', '2.3', '2.3', '2.1', '2.3', '2.3', '2.3', '2.3', '2.3', '2.3', '2.3', '2.3', '2.3', '2.3', '2.1', '2.3', '2.3', '2.3', '2.3', '2.3', '2.3', '2.3', '2.3', '2.3', '2.3', '2.3']","['2.1', '2.1', '2.1', '2.1', '2.1', '2.1', '2.1', '2.1', '2.3', '2.1', '2.1', '2.1', '2.1', '2.3', '2.1', '2.1', '2.1', '2.1', '2.1', '2.1', '2.1', '2.1', '2.1', '2.1', '2.3', '2.1', '2.1', '2.1', '2.1', '2.1', '2.1', '2.1', '2.1', '2.1', '2.1', '2.1']",2.3,2.1,33,3,2,38,30,0.9166666666666666,0.868421052631579,False,0.05263157894736842,2,pilot_2
8,"('2.1', '2.4')","['2.1', '2.1', 'tie', '2.4', '2.4', '2.1', '2.1', '2.1', 'tie', 'tie', '2.4', '2.1', '2.4', '2.4', '2.1', '2.1', '2.4', '2.4', '2.4', '2.4', '2.1', '2.4', '2.1', '2.4', '2.4', '2.4', '2.4', '2.4', '2.4', '2.4', '2.4', '2.4', '2.4', '2.4', '2.4', '2.4', '2.4', '2.4']","['2.4', '2.4', 'tie', '2.1', '2.1', '2.4', '2.4', '2.4', 'tie', 'tie', '2.1', '2.4', '2.1', '2.1', '2.4', '2.4', '2.1', '2.1', '2.1', '2.1', '2.4', '2.1', '2.4', '2.1', '2.1', '2.1', '2.1', '2.1', '2.1', '2.1', '2.1', '2.1', '2.1', '2.1', '2.1', '2.1', '2.1', '2.1']",5.5,"['2.1', '2.1', '2.4', '2.4', '2.1', '2.1', '2.1', '2.4', '2.1', '2.4', '2.4', '2.1', '2.1', '2.4', '2.4', '2.4', '2.4', '2.1', '2.4', '2.1', '2.4', '2.4', '2.4', '2.4', '2.4', '2.4', '2.4', '2.4', '2.4', '2.4', '2.4', '2.4', '2.4', '2.4', '2.4']","['2.4', '2.4', '2.1', '2.1', '2.4', '2.4', '2.4', '2.1', '2.4', '2.1', '2.1', '2.4', '2.4', '2.1', '2.1', '2.1', '2.1', '2.4', '2.1', '2.4', '2.1', '2.1', '2.1', '2.1', '2.1', '2.1', '2.1', '2.1', '2.1', '2.1', '2.1', '2.1', '2.1', '2.1', '2.1']",2.4,2.1,25,10,3,38,15,0.7142857142857143,0.6578947368421053,False,0.07894736842105263,2,pilot_2
9,"('2.2', '2.3')","['2.1', '2.1', 'tie', '2.3', '2.3', '2.1', '2.1', '2.1', 'tie', 'tie', '2.3', '2.1', '2.3', '2.3', '2.1', '2.1', '2.3', '2.3', '2.3', '2.2', '2.3', '2.3', '2.3', '2.3', '2.3', '2.3', '2.3', '2.3', '2.3', '2.2', '2.2', '2.3', '2.3', 'tie', '2.2', '2.3', '2.2', '2.3']","['2.3', '2.3', 'tie', '2.2', '2.2', '2.3', '2.3', '2.3', 'tie', 'tie', '2.2', '2.3', '2.2', '2.2', '2.3', '2.3', '2.2', '2.2', '2.2', '2.3', '2.2', '2.2', '2.2', '2.2', '2.2', '2.2', '2.2', '2.2', '2.2', '2.3', '2.3', '2.2', '2.2', 'tie', '2.3', '2.2', '2.3', '2.2']",3.5,"['2.3', '2.3', '2.3', '2.3', '2.3', '2.3', '2.3', '2.3', '2.2', '2.3', '2.3', '2.3', '2.3', '2.3', '2.3', '2.3', '2.3', '2.3', '2.2', '2.2', '2.3', '2.3', '2.2', '2.3', '2.2', '2.3']","['2.3', '2.3', '2.2', '2.2', '2.3', '2.3', '2.3', '2.2', '2.3', '2.2', '2.2', '2.3', '2.3', '2.2', '2.2', '2.2', '2.3', '2.2', '2.2', '2.2', '2.2', '2.2', '2.2', '2.2', '2.2', '2.2', '2.3', '2.3', '2.2', '2.2', '2.3', '2.2', '2.3', '2.2']",2.3,2.2,21,5,4,38,16,0.8076923076923077,0.5526315789473685,False,0.10526315789473684,2,pilot_2
10,"('2.2', '2.4')","['2.1', '2.1', '2.1', '2.1', '2.1', '2.1', '2.4', '2.4', '2.4', '2.4', '2.4', '2.1', '2.4', '2.4', '2.1', '2.4', '2.4', '2.1', '2.1', '2.2', '2.4', '2.4', '2.4', '2.2', '2.4', '2.2', 'tie', 'tie', 'tie', '2.2', '2.4', 'tie', '2.4', '2.2', 'tie', 'tie', '2.2', '2.2']","['2.4', '2.4', '2.4', '2.4', '2.4', '2.4', '2.2', '2.2', '2.2', '2.2', '2.2', '2.4', '2.2', '2.2', '2.4', '2.2', '2.2', '2.4', '2.4', '2.4', '2.2', '2.2', '2.2', '2.4', '2.2', '2.4', 'tie', 'tie', 'tie', '2.4', '2.2', 'tie', '2.2', '2.4', 'tie', 'tie', '2.4', '2.4']",3.0,"['2.4', '2.4', '2.4', '2.4', '2.4', '2.4', '2.4', '2.4', '2.4', '2.2', '2.4', '2.4', '2.4', '2.2', '2.4', '2.2', '2.2', '2.4', '2.4', '2.2', '2.2', '2.2']","['2.4', '2.4', '2.4', '2.4', '2.4', '2.4', '2.2', '2.2', '2.2', '2.2', '2.2', '2.4', '2.2', '2.2', '2.4', '2.2', '2.2', '2.4', '2.4', '2.4', '2.2', '2.2', '2.2', '2.4', '2.2', '2.4', '2.4', '2.2', '2.2', '2.4', '2.4', '2.4']",2.4,2.4,15,15,6,38,0,0.6818181818181818,0.39473684210526316,False,0.15789473684210525,2,pilot_2
11,"('2.3', '2.4')","['2.3', '2.4', '2.4', '2.3', '2.4', '2.3', '2.3', '2.3', '2.3', '2.3', '2.3', '2.4', '2.4', '2.3', '2.3', '2.3', '2.3', '2.3', '2.4', '2.3', '2.4', '2.4', '2.4', '2.4', '2.4', '2.4', '2.4', '2.4', '2.4', '2.4', '2.4', 'tie', '2.4', '2.4', '2.4', '2.3', '2.4', '2.4']","['2.4', '2.3', '2.3', '2.4', '2.3', '2.4', '2.4', '2.4', '2.4', '2.4', '2.4', '2.3', '2.3', '2.4', '2.4', '2.4', '2.4', '2.4', '2.3', '2.4', '2.3', '2.3', '2.3', '2.3', '2.3', '2.3', '2.3', '2.3', '2.3', '2.3', '2.3', 'tie', '2.3', '2.3', '2.3', '2.4', '2.3', '2.3']",5.0,"['2.3', '2.4', '2.4', '2.3', '2.4', '2.3', '2.3', '2.3', '2.3', '2.3', '2.3', '2.4', '2.4', '2.3', '2.3', '2.3', '2.3', '2.3', '2.4', '2.3', '2.4', '2.4', '2.4', '2.4', '2.4', '2.4', '2.4', '2.4', '2.4', '2.4', '2.4', '2.4', '2.4', '2.4', '2.3', '2.4', '2.4']","['2.4', '2.3', '2.3', '2.4', '2.3', '2.4', '2.4', '2.4', '2.4', '2.4', '2.4', '2.3', '2.3', '2.4', '2.4', '2.4', '2.4', '2.4', '2.3', '2.4', '2.3', '2.3', '2.3', '2.3', '2.3', '2.3', '2.3', '2.3', '2.3', '2.3', '2.3', '2.3', '2.3', '2.3', '2.4', '2.3', '2.3']",2.4,2.3,22,15,1,38,7,0.5945945945945946,0.5789473684210527,True,0.02631578947368421,2,pilot_2
12,"('3.1', '3.2')","['3.2', '3.2', '3.1', '3.1', '3.1', '3.1', '3.1', '3.1', '3.1', '3.1', '3.1', 'tie', '3.1', '3.2', '3.1', 'tie', 'tie', '3.1', '3.1', '3.2', '3.2', '3.2', '3.2', '3.1', '3.1', '3.1', '3.1', '3.1', '3.1', '3.1', '3.2', '3.1', '3.1', '3.1', '3.1', '3.1', '3.1', '3.1']","['3.1', '3.1', '3.2', '3.2', '3.2', '3.2', '3.2', '3.2', '3.2', '3.2', '3.2', 'tie', '3.2', '3.1', '3.2', 'tie', 'tie', '3.2', '3.2', '3.1', '3.1', '3.1', '3.1', '3.2', '3.2', '3.2', '3.2', '3.2', '3.2', '3.2', '3.1', '3.2', '3.2', '3.2', '3.2', '3.2', '3.2', '3.2']",3.0,"['3.2', '3.2', '3.1', '3.1', '3.1', '3.1', '3.1', '3.1', '3.1', '3.1', '3.1', '3.1', '3.2', '3.1', '3.1', '3.1', '3.2', '3.2', '3.2', '3.2', '3.1', '3.1', '3.1', '3.1', '3.1', '3.1', '3.1', '3.2', '3.1', '3.1', '3.1', '3.1', '3.1', '3.1', '3.1']","['3.1', '3.1', '3.2', '3.2', '3.2', '3.2', '3.2', '3.2', '3.2', '3.2', '3.2', '3.2', '3.1', '3.2', '3.2', '3.2', '3.1', '3.1', '3.1', '3.1', '3.2', '3.2', '3.2', '3.2', '3.2', '3.2', '3.2', '3.1', '3.2', '3.2', '3.2', '3.2', '3.2', '3.2', '3.2']",3.1,3.2,27,8,3,38,19,0.7714285714285715,0.7105263157894737,False,0.07894736842105263,3,pilot_2
13,"('3.1', '3.3')","['3.1', '3.1', '3.1', '3.3', '3.1', '3.1', '3.1', '3.1', 'tie', '3.1', '3.1', '3.3', '3.1', '3.1', '3.1', '3.1', '3.1', '3.1', '3.3', '3.1', '3.1', '3.1', 'tie', '3.1', '3.1', 'tie', '3.1', 'tie', 'tie', '3.1', '3.3', '3.1', '3.3', '3.1', 'tie', 'tie', '3.1', '3.1']","['3.3', '3.3', '3.3', '3.1', '3.3', '3.3', '3.3', '3.3', 'tie', '3.3', '3.3', '3.1', '3.3', '3.3', '3.3', '3.3', '3.3', '3.3', '3.1', '3.3', '3.3', '3.3', 'tie', '3.3', '3.3', 'tie', '3.3', 'tie', 'tie', '3.3', '3.1', '3.3', '3.1', '3.3', 'tie', 'tie', '3.3', '3.3']",4.5,"['3.1', '3.1', '3.1', '3.3', '3.1', '3.1', '3.1', '3.1', '3.1', '3.1', '3.3', '3.1', '3.1', '3.1', '3.1', '3.1', '3.1', '3.3', '3.1', '3.1', '3.1', '3.1', '3.1', '3.1', '3.1', '3.3', '3.1', '3.3', '3.1', '3.1', '3.1']","['3.3', '3.3', '3.3', '3.1', '3.3', '3.3', '3.3', '3.3', '3.3', '3.3', '3.1', '3.3', '3.3', '3.3', '3.3', '3.3', '3.3', '3.1', '3.3', '3.3', '3.3', '3.3', '3.3', '3.3', '3.3', '3.1', '3.3', '3.1', '3.3', '3.3', '3.3']",3.1,3.3,26,5,7,38,21,0.8387096774193549,0.6842105263157895,False,0.18421052631578946,3,pilot_2
14,"('3.1', '3.4')","['3.1', '3.1', '3.4', '3.1', '3.1', '3.4', '3.1', '3.1', '3.1', '3.1', '3.1', '3.1', '3.1', 'tie', '3.4', '3.1', '3.1', '3.1', '3.1', '3.4', '3.4', '3.4', '3.1', '3.4', 'tie', '3.4', '3.4', '3.4', '3.4', '3.4', '3.4', '3.4', '3.4', 'tie', '3.1', '3.4', 'tie', '3.4']","['3.4', '3.4', '3.1', '3.4', '3.4', '3.1', '3.4', '3.4', '3.4', '3.4', '3.4', '3.4', '3.4', 'tie', '3.1', '3.4', '3.4', '3.4', '3.4', '3.1', '3.1', '3.1', '3.4', '3.1', 'tie', '3.1', '3.1', '3.1', '3.1', '3.1', '3.1', '3.1', '3.1', 'tie', '3.4', '3.1', 'tie', '3.1']",5.0,"['3.1', '3.1', '3.4', '3.1', '3.1', '3.4', '3.1', '3.1', '3.1', '3.1', '3.1', '3.1', '3.1', '3.4', '3.1', '3.1', '3.1', '3.1', '3.4', '3.4', '3.4', '3.1', '3.4', '3.4', '3.4', '3.4', '3.4', '3.4', '3.4', '3.4', '3.4', '3.1', '3.4', '3.4']","['3.4', '3.4', '3.1', '3.4', '3.4', '3.1', '3.4', '3.4', '3.4', '3.4', '3.4', '3.4', '3.4', '3.1', '3.4', '3.4', '3.4', '3.4', '3.1', '3.1', '3.1', '3.4', '3.1', '3.1', '3.1', '3.1', '3.1', '3.1', '3.1', '3.1', '3.1', '3.4', '3.1', '3.1']",3.1,3.4,17,17,4,38,0,0.5,0.4473684210526316,True,0.10526315789473684,3,pilot_2
15,"('3.2', '3.3')","['3.2', '3.2', '3.2', '3.2', '3.2', 'tie', '3.3', '3.3', 'tie', '3.3', '3.3', '3.3', '3.3', '3.2', '3.3', '3.3', '3.3', '3.3', '3.2', '3.3', '3.3', '3.2', '3.3', '3.3', '3.3', '3.3', '3.3', '3.3', '3.2', '3.3', '3.3', '3.2', '3.3', '3.3', '3.3', '3.3', '3.3', '3.3']","['3.3', '3.3', '3.3', '3.3', '3.3', 'tie', '3.2', '3.2', 'tie', '3.2', '3.2', '3.2', '3.2', '3.3', '3.2', '3.2', '3.2', '3.2', '3.3', '3.2', '3.2', '3.3', '3.2', '3.2', '3.2', '3.2', '3.2', '3.2', '3.3', '3.2', '3.2', '3.3', '3.2', '3.2', '3.2', '3.2', '3.2', '3.2']",5.0,"['3.2', '3.2', '3.2', '3.2', '3.2', '3.3', '3.3', '3.3', '3.3', '3.3', '3.3', '3.2', '3.3', '3.3', '3.3', '3.3', '3.2', '3.3', '3.3', '3.2', '3.3', '3.3', '3.3', '3.3', '3.3', '3.3', '3.2', '3.3', '3.3', '3.2', '3.3', '3.3', '3.3', '3.3', '3.3', '3.3']","['3.3', '3.3', '3.3', '3.3', '3.3', '3.2', '3.2', '3.2', '3.2', '3.2', '3.2', '3.3', '3.2', '3.2', '3.2', '3.2', '3.3', '3.2', '3.2', '3.3', '3.2', '3.2', '3.2', '3.2', '3.2', '3.2', '3.3', '3.2', '3.2', '3.3', '3.2', '3.2', '3.2', '3.2', '3.2', '3.2']",3.3,3.2,26,10,2,38,16,0.7222222222222222,0.6842105263157895,False,0.05263157894736842,3,pilot_2
16,"('3.2', '3.4')","['3.2', '3.2', '3.2', '3.2', '3.2', '3.2', 'tie', '3.4', 'tie', '3.2', 'tie', '3.4', 'tie', '3.4', '3.4', '3.4', '3.4', '3.4', '3.4', '3.4', '3.2', '3.4', '3.2', '3.4', '3.4', '3.4', '3.4', '3.4', '3.4', '3.2', '3.2', '3.2', '3.4', 'tie', '3.4', '3.4', '3.4', '3.4']","['3.4', '3.4', '3.4', '3.4', '3.4', '3.4', 'tie', '3.2', 'tie', '3.4', 'tie', '3.2', 'tie', '3.2', '3.2', '3.2', '3.2', '3.2', '3.2', '3.2', '3.4', '3.2', '3.4', '3.2', '3.2', '3.2', '3.2', '3.2', '3.2', '3.4', '3.4', '3.4', '3.2', 'tie', '3.2', '3.2', '3.2', '3.2']",4.5,"['3.2', '3.2', '3.2', '3.2', '3.2', '3.2', '3.4', '3.2', '3.4', '3.4', '3.4', '3.4', '3.4', '3.4', '3.4', '3.4', '3.2', '3.4', '3.2', '3.4', '3.4', '3.4', '3.4', '3.4', '3.4', '3.2', '3.2', '3.2', '3.4', '3.4', '3.4', '3.4', '3.4']","['3.4', '3.4', '3.4', '3.4', '3.4', '3.4', '3.2', '3.4', '3.2', '3.2', '3.2', '3.2', '3.2', '3.2', '3.2', '3.2', '3.4', '3.2', '3.4', '3.2', '3.2', '3.2', '3.2', '3.2', '3.2', '3.4', '3.4', '3.4', '3.2', '3.2', '3.2', '3.2', '3.2']",3.4,3.2,21,12,5,38,9,0.6363636363636364,0.5526315789473685,False,0.13157894736842105,3,pilot_2
17,"('3.3', '3.4')","['3.4', '3.3', '3.4', '3.3', '3.3', '3.4', '3.3', '3.4', '3.3', '3.4', '3.3', 'tie', '3.3', '3.4', '3.3', '3.4', '3.4', '3.4', '3.3', '3.3', '3.4', '3.3', '3.4', '3.4', '3.4', '3.4', '3.4', '3.4', '3.3', '3.3', '3.3', 'tie', '3.4', '3.4', '3.4', '3.4', 'tie', '3.3']","['3.3', '3.4', '3.3', '3.4', '3.4', '3.3', '3.4', '3.3', '3.4', '3.3', '3.4', 'tie', '3.4', '3.3', '3.4', '3.3', '3.3', '3.3', '3.4', '3.4', '3.3', '3.4', '3.3', '3.3', '3.3', '3.3', '3.3', '3.3', '3.4', '3.4', '3.4', 'tie', '3.3', '3.3', '3.3', '3.3', 'tie', '3.4']",9.5,"['3.4', '3.3', '3.4', '3.3', '3.3', '3.4', '3.3', '3.4', '3.3', '3.4', '3.3', '3.3', '3.4', '3.3', '3.4', '3.4', '3.4', '3.3', '3.3', '3.4', '3.3', '3.4', '3.4', '3.4', '3.4', '3.4', '3.4', '3.3', '3.3', '3.3', '3.4', '3.4', '3.4', '3.4', '3.3']","['3.3', '3.4', '3.3', '3.4', '3.4', '3.3', '3.4', '3.3', '3.4', '3.3', '3.4', '3.4', '3.3', '3.4', '3.3', '3.3', '3.3', '3.4', '3.4', '3.3', '3.4', '3.3', '3.3', '3.3', '3.3', '3.3', '3.3', '3.4', '3.4', '3.4', '3.3', '3.3', '3.3', '3.3', '3.4']",3.4,3.3,20,15,3,38,5,0.5714285714285714,0.5263157894736842,True,0.07894736842105263,3,pilot_2
18,"('4.1', '4.2')","['4.1', '4.2', '4.2', '4.1', '4.2', '4.2', '4.2', 'tie', 'tie', '4.2', '4.2', '4.1', '4.2', '4.2', '4.2', '4.2', '4.1', '4.2', '4.1', '4.1', '4.2', '4.2', '4.2', '4.2', '4.2', '4.2', '4.2', '4.1', '4.2', '4.2', '4.2', '4.2', '4.1', '4.1', '4.2', '4.2', '4.1', '4.2']","['4.2', '4.1', '4.1', '4.2', '4.1', '4.1', '4.1', 'tie', 'tie', '4.1', '4.1', '4.2', '4.1', '4.1', '4.1', '4.1', '4.2', '4.1', '4.2', '4.2', '4.1', '4.1', '4.1', '4.1', '4.1', '4.1', '4.1', '4.2', '4.1', '4.1', '4.1', '4.1', '4.2', '4.2', '4.1', '4.1', '4.2', '4.1']",7.5,"['4.1', '4.2', '4.2', '4.1', '4.2', '4.2', '4.2', '4.2', '4.2', '4.1', '4.2', '4.2', '4.2', '4.2', '4.1', '4.2', '4.1', '4.1', '4.2', '4.2', '4.2', '4.2', '4.2', '4.2', '4.2', '4.1', '4.2', '4.2', '4.2', '4.2', '4.1', '4.1', '4.2', '4.2', '4.1', '4.2']","['4.2', '4.1', '4.1', '4.2', '4.1', '4.1', '4.1', '4.1', '4.1', '4.2', '4.1', '4.1', '4.1', '4.1', '4.2', '4.1', '4.2', '4.2', '4.1', '4.1', '4.1', '4.1', '4.1', '4.1', '4.1', '4.2', '4.1', '4.1', '4.1', '4.1', '4.2', '4.2', '4.1', '4.1', '4.2', '4.1']",4.2,4.1,26,10,2,38,16,0.7222222222222222,0.6842105263157895,False,0.05263157894736842,4,pilot_2
19,"('4.1', '4.3')","['tie', '4.3', '4.1', 'tie', '4.3', '4.3', '4.3', '4.3', '4.3', '4.3', '4.1', '4.3', '4.3', '4.3', '4.3', '4.1', '4.3', '4.3', '4.1', '4.3', '4.3', '4.1', '4.3', '4.3', '4.3', '4.3', '4.3', '4.3', '4.3', '4.3', '4.3', '4.1', '4.1', '4.3', 'tie', '4.1', '4.3', '4.1']","['tie', '4.1', '4.3', 'tie', '4.1', '4.1', '4.1', '4.1', '4.1', '4.1', '4.3', '4.1', '4.1', '4.1', '4.1', '4.3', '4.1', '4.1', '4.3', '4.1', '4.1', '4.3', '4.1', '4.1', '4.1', '4.1', '4.1', '4.1', '4.1', '4.1', '4.1', '4.3', '4.3', '4.1', 'tie', '4.3', '4.1', '4.3']",7.0,"['4.3', '4.1', '4.3', '4.3', '4.3', '4.3', '4.3', '4.3', '4.1', '4.3', '4.3', '4.3', '4.3', '4.1', '4.3', '4.3', '4.1', '4.3', '4.3', '4.1', '4.3', '4.3', '4.3', '4.3', '4.3', '4.3', '4.3', '4.3', '4.3', '4.1', '4.1', '4.3', '4.1', '4.3', '4.1']","['4.1', '4.3', '4.1', '4.1', '4.1', '4.1', '4.1', '4.1', '4.3', '4.1', '4.1', '4.1', '4.1', '4.3', '4.1', '4.1', '4.3', '4.1', '4.1', '4.3', '4.1', '4.1', '4.1', '4.1', '4.1', '4.1', '4.1', '4.1', '4.1', '4.3', '4.3', '4.1', '4.3', '4.1', '4.3']",4.3,4.1,26,9,3,38,17,0.7428571428571429,0.6842105263157895,False,0.07894736842105263,4,pilot_2
20,"('4.1', '4.4')","['4.4', '4.1', '4.4', '4.4', '4.1', '4.1', '4.1', '4.1', '4.1', '4.1', '4.1', '4.4', '4.4', '4.4', '4.1', '4.1', '4.4', '4.1', '4.1', '4.4', '4.4', '4.4', '4.1', '4.4', 'tie', '4.4', '4.1', 'tie', '4.4', '4.4', '4.4', '4.4', '4.4', '4.4', '4.4', '4.4', '4.4', '4.1']","['4.1', '4.4', '4.1', '4.1', '4.4', '4.4', '4.4', '4.4', '4.4', '4.4', '4.4', '4.1', '4.1', '4.1', '4.4', '4.4', '4.1', '4.4', '4.4', '4.1', '4.1', '4.1', '4.4', '4.1', 'tie', '4.1', '4.4', 'tie', '4.1', '4.1', '4.1', '4.1', '4.1', '4.1', '4.1', '4.1', '4.1', '4.4']",6.0,"['4.4', '4.1', '4.4', '4.4', '4.1', '4.1', '4.1', '4.1', '4.1', '4.1', '4.1', '4.4', '4.4', '4.4', '4.1', '4.1', '4.4', '4.1', '4.1', '4.4', '4.4', '4.4', '4.1', '4.4', '4.4', '4.1', '4.4', '4.4', '4.4', '4.4', '4.4', '4.4', '4.4', '4.4', '4.4', '4.1']","['4.1', '4.4', '4.1', '4.1', '4.4', '4.4', '4.4', '4.4', '4.4', '4.4', '4.4', '4.1', '4.1', '4.1', '4.4', '4.4', '4.1', '4.4', '4.4', '4.1', '4.1', '4.1', '4.4', '4.1', '4.1', '4.4', '4.1', '4.1', '4.1', '4.1', '4.1', '4.1', '4.1', '4.1', '4.1', '4.4']",4.4,4.1,21,15,2,38,6,0.5833333333333334,0.5526315789473685,True,0.05263157894736842,4,pilot_2
21,"('4.2', '4.3')","['4.3', '4.3', '4.3', 'tie', 'tie', '4.3', '4.2', '4.2', '4.2', '4.2', 'tie', '4.2', '4.2', '4.2', '4.3', 'tie', '4.2', '4.2', '4.2', '4.3', '4.3', '4.3', '4.3', '4.3', '4.3', '4.2', '4.2', '4.3', 'tie', '4.2', '4.3', '4.3', '4.3', '4.2', '4.3', '4.2', '4.3', '4.2']","['4.2', '4.2', '4.2', 'tie', 'tie', '4.2', '4.3', '4.3', '4.3', '4.3', 'tie', '4.3', '4.3', '4.3', '4.2', 'tie', '4.3', '4.3', '4.3', '4.2', '4.2', '4.2', '4.2', '4.2', '4.2', '4.3', '4.3', '4.2', 'tie', '4.3', '4.2', '4.2', '4.2', '4.3', '4.2', '4.3', '4.2', '4.3']",6.0,"['4.3', '4.3', '4.3', '4.3', '4.2', '4.2', '4.2', '4.2', '4.2', '4.2', '4.2', '4.3', '4.2', '4.2', '4.2', '4.3', '4.3', '4.3', '4.3', '4.3', '4.3', '4.2', '4.2', '4.3', '4.2', '4.3', '4.3', '4.3', '4.2', '4.3', '4.2', '4.3', '4.2']","['4.2', '4.2', '4.2', '4.2', '4.3', '4.3', '4.3', '4.3', '4.3', '4.3', '4.3', '4.2', '4.3', '4.3', '4.3', '4.2', '4.2', '4.2', '4.2', '4.2', '4.2', '4.3', '4.3', '4.2', '4.3', '4.2', '4.2', '4.2', '4.3', '4.2', '4.3', '4.2', '4.3']",4.3,4.2,17,16,5,38,1,0.5151515151515151,0.4473684210526316,True,0.13157894736842105,4,pilot_2
22,"('4.2', '4.4')","['4.2', '4.2', '4.2', '4.2', '4.2', 'tie', '4.2', '4.2', '4.2', '4.2', '4.2', '4.2', '4.4', 'tie', '4.4', '4.4', '4.4', '4.4', '4.2', '4.2', '4.4', '4.2', '4.2', '4.4', '4.4', '4.4', 'tie', 'tie', '4.2', '4.4', '4.4', '4.4', '4.2', '4.4', 'tie', 'tie', '4.4', '4.2']","['4.4', '4.4', '4.4', '4.4', '4.4', 'tie', '4.4', '4.4', '4.4', '4.4', '4.4', '4.4', '4.2', 'tie', '4.2', '4.2', '4.2', '4.2', '4.4', '4.4', '4.2', '4.4', '4.4', '4.2', '4.2', '4.2', 'tie', 'tie', '4.4', '4.2', '4.2', '4.2', '4.4', '4.2', 'tie', 'tie', '4.2', '4.4']",5.0,"['4.2', '4.2', '4.2', '4.2', '4.2', '4.2', '4.2', '4.2', '4.2', '4.2', '4.2', '4.4', '4.4', '4.4', '4.4', '4.4', '4.2', '4.2', '4.4', '4.2', '4.2', '4.4', '4.4', '4.4', '4.2', '4.4', '4.4', '4.4', '4.2', '4.4', '4.4', '4.2']","['4.4', '4.4', '4.4', '4.4', '4.4', '4.4', '4.4', '4.4', '4.4', '4.4', '4.4', '4.2', '4.2', '4.2', '4.2', '4.2', '4.4', '4.4', '4.2', '4.4', '4.4', '4.2', '4.2', '4.2', '4.4', '4.2', '4.2', '4.2', '4.4', '4.2', '4.2', '4.4']",4.2,4.4,18,14,6,38,4,0.5625,0.47368421052631576,True,0.15789473684210525,4,pilot_2
23,"('4.3', '4.4')","['4.4', '4.3', '4.3', '4.4', '4.3', '4.4', '4.4', '4.4', '4.4', '4.4', '4.4', '4.4', '4.3', '4.4', '4.4', '4.3', '4.3', '4.4', '4.3', '4.3', '4.3', '4.4', '4.3', 'tie', '4.3', '4.4', '4.3', '4.4', '4.4', '4.4', '4.3', '4.4', '4.4', '4.3', '4.4', '4.4', '4.3', '4.3']","['4.3', '4.4', '4.4', '4.3', '4.4', '4.3', '4.3', '4.3', '4.3', '4.3', '4.3', '4.3', '4.4', '4.3', '4.3', '4.4', '4.4', '4.3', '4.4', '4.4', '4.4', '4.3', '4.4', 'tie', '4.4', '4.3', '4.4', '4.3', '4.3', '4.3', '4.4', '4.3', '4.3', '4.4', '4.3', '4.3', '4.4', '4.4']",9.5,"['4.4', '4.3', '4.3', '4.4', '4.3', '4.4', '4.4', '4.4', '4.4', '4.4', '4.4', '4.4', '4.3', '4.4', '4.4', '4.3', '4.3', '4.4', '4.3', '4.3', '4.3', '4.4', '4.3', '4.3', '4.4', '4.3', '4.4', '4.4', '4.4', '4.3', '4.4', '4.4', '4.3', '4.4', '4.4', '4.3', '4.3']","['4.3', '4.4', '4.4', '4.3', '4.4', '4.3', '4.3', '4.3', '4.3', '4.3', '4.3', '4.3', '4.4', '4.3', '4.3', '4.4', '4.4', '4.3', '4.4', '4.4', '4.4', '4.3', '4.4', '4.4', '4.3', '4.4', '4.3', '4.3', '4.3', '4.4', '4.3', '4.3', '4.4', '4.3', '4.3', '4.4', '4.4']",4.4,4.3,21,16,1,38,5,0.5675675675675675,0.5526315789473685,True,0.02631578947368421,4,pilot_2
24,"('5.1', '5.2')","['5.1', '5.1', '5.1', '5.2', '5.2', '5.1', '5.1', '5.2', '5.2', '5.2', 'tie', '5.1', '5.1', '5.2', '5.1', '5.2', '5.2', 'tie', '5.2', '5.1', 'tie', 'tie', '5.2', 'tie', 'tie', '5.2', '5.1', '5.2', '5.2', '5.2', '5.2', '5.2', 'tie', '5.2', '5.1', '5.2', '5.2', '5.2']","['5.2', '5.2', '5.2', '5.1', '5.1', '5.2', '5.2', '5.1', '5.1', '5.1', 'tie', '5.2', '5.2', '5.1', '5.2', '5.1', '5.1', 'tie', '5.1', '5.2', 'tie', 'tie', '5.1', 'tie', 'tie', '5.1', '5.2', '5.1', '5.1', '5.1', '5.1', '5.1', 'tie', '5.1', '5.2', '5.1', '5.1', '5.1']",6.0,"['5.1', '5.1', '5.1', '5.2', '5.2', '5.1', '5.1', '5.2', '5.2', '5.2', '5.1', '5.1', '5.2', '5.1', '5.2', '5.2', '5.2', '5.1', '5.2', '5.2', '5.1', '5.2', '5.2', '5.2', '5.2', '5.2', '5.2', '5.1', '5.2', '5.2', '5.2']","['5.2', '5.2', '5.2', '5.1', '5.1', '5.2', '5.2', '5.1', '5.1', '5.1', '5.2', '5.2', '5.1', '5.2', '5.1', '5.1', '5.1', '5.2', '5.1', '5.1', '5.2', '5.1', '5.1', '5.1', '5.1', '5.1', '5.1', '5.2', '5.1', '5.1', '5.1']",5.2,5.1,20,11,7,38,9,0.6451612903225806,0.5263157894736842,False,0.18421052631578946,5,pilot_2
25,"('5.1', '5.3')","['5.1', '5.3', '5.1', '5.1', '5.1', '5.1', '5.1', '5.1', '5.1', '5.1', 'tie', 'tie', '5.1', '5.1', 'tie', '5.1', '5.1', '5.1', 'tie', '5.3', '5.1', '5.1', '5.1', '5.1', '5.1', '5.1', '5.3', '5.3', '5.1', '5.1', '5.1', '5.1', '5.1', '5.1', '5.1', '5.1', '5.1', '5.1']","['5.3', '5.1', '5.3', '5.3', '5.3', '5.3', '5.3', '5.3', '5.3', '5.3', 'tie', 'tie', '5.3', '5.3', 'tie', '5.3', '5.3', '5.3', 'tie', '5.1', '5.3', '5.3', '5.3', '5.3', '5.3', '5.3', '5.1', '5.1', '5.3', '5.3', '5.3', '5.3', '5.3', '5.3', '5.3', '5.3', '5.3', '5.3']",2.5,"['5.1', '5.3', '5.1', '5.1', '5.1', '5.1', '5.1', '5.1', '5.1', '5.1', '5.1', '5.1', '5.1', '5.1', '5.1', '5.3', '5.1', '5.1', '5.1', '5.1', '5.1', '5.1', '5.3', '5.3', '5.1', '5.1', '5.1', '5.1', '5.1', '5.1', '5.1', '5.1', '5.1', '5.1']","['5.3', '5.1', '5.3', '5.3', '5.3', '5.3', '5.3', '5.3', '5.3', '5.3', '5.3', '5.3', '5.3', '5.3', '5.3', '5.1', '5.3', '5.3', '5.3', '5.3', '5.3', '5.3', '5.1', '5.1', '5.3', '5.3', '5.3', '5.3', '5.3', '5.3', '5.3', '5.3', '5.3', '5.3']",5.1,5.3,30,4,4,38,26,0.8823529411764706,0.7894736842105263,False,0.10526315789473684,5,pilot_2
26,"('5.1', '5.4')","['5.4', '5.4', '5.4', '5.1', '5.4', '5.4', '5.4', '5.4', '5.1', '5.1', '5.4', '5.4', '5.1', '5.1', '5.4', '5.4', '5.4', '5.4', '5.1', '5.1', '5.1', 'tie', '5.1', '5.1', '5.4', '5.4', '5.4', '5.1', '5.4', '5.1', '5.4', '5.1', '5.4', '5.1', '5.1', '5.1', '5.4', '5.4']","['5.1', '5.1', '5.1', '5.4', '5.1', '5.1', '5.1', '5.1', '5.4', '5.4', '5.1', '5.1', '5.4', '5.4', '5.1', '5.1', '5.1', '5.1', '5.4', '5.4', '5.4', 'tie', '5.4', '5.4', '5.1', '5.1', '5.1', '5.4', '5.1', '5.4', '5.1', '5.4', '5.1', '5.4', '5.4', '5.4', '5.1', '5.1']",8.0,"['5.4', '5.4', '5.4', '5.1', '5.4', '5.4', '5.4', '5.4', '5.1', '5.1', '5.4', '5.4', '5.1', '5.1', '5.4', '5.4', '5.4', '5.4', '5.1', '5.1', '5.1', '5.1', '5.1', '5.4', '5.4', '5.4', '5.1', '5.4', '5.1', '5.4', '5.1', '5.4', '5.1', '5.1', '5.1', '5.4', '5.4']","['5.1', '5.1', '5.1', '5.4', '5.1', '5.1', '5.1', '5.1', '5.4', '5.4', '5.1', '5.1', '5.4', '5.4', '5.1', '5.1', '5.1', '5.1', '5.4', '5.4', '5.4', '5.4', '5.4', '5.1', '5.1', '5.1', '5.4', '5.1', '5.4', '5.1', '5.4', '5.1', '5.4', '5.4', '5.4', '5.1', '5.1']",5.4,5.1,21,16,1,38,5,0.5675675675675675,0.5526315789473685,True,0.02631578947368421,5,pilot_2
27,"('5.2', '5.3')","['5.3', '5.3', '5.3', '5.3', '5.3', '5.2', '5.2', '5.2', '5.2', '5.2', '5.2', '5.2', '5.2', '5.1', '5.2', '5.2', '5.2', '5.2', '5.2', '5.2', '5.2', '5.2', '5.2', '5.2', '5.2', '5.2', '5.2', '5.2', 'tie', '5.2', 'tie', 'tie', 'tie', '5.2', '5.2', 'tie', '5.2', '5.2']","['5.2', '5.2', '5.2', '5.2', '5.2', '5.3', '5.3', '5.3', '5.3', '5.3', '5.3', '5.3', '5.3', '5.2', '5.3', '5.3', '5.3', '5.3', '5.3', '5.3', '5.3', '5.3', '5.3', '5.3', '5.3', '5.3', '5.3', '5.3', 'tie', '5.3', 'tie', 'tie', 'tie', '5.3', '5.3', 'tie', '5.3', '5.3']",0.5,"['5.3', '5.3', '5.3', '5.3', '5.3', '5.2', '5.2', '5.2', '5.2', '5.2', '5.2', '5.2', '5.2', '5.2', '5.2', '5.2', '5.2', '5.2', '5.2', '5.2', '5.2', '5.2', '5.2', '5.2', '5.2', '5.2', '5.2', '5.2', '5.2', '5.2', '5.2', '5.2']","['5.2', '5.2', '5.2', '5.2', '5.2', '5.3', '5.3', '5.3', '5.3', '5.3', '5.3', '5.3', '5.3', '5.2', '5.3', '5.3', '5.3', '5.3', '5.3', '5.3', '5.3', '5.3', '5.3', '5.3', '5.3', '5.3', '5.3', '5.3', '5.3', '5.3', '5.3', '5.3', '5.3']",5.2,5.3,27,5,5,38,22,0.84375,0.7105263157894737,False,0.13157894736842105,5,pilot_2
28,"('5.2', '5.4')","['5.2', 'tie', '5.4', 'tie', 'tie', 'tie', '5.2', 'tie', '5.2', '5.2', '5.2', '5.4', '5.2', '5.4', '5.4', 'tie', '5.2', 'tie', '5.2', '5.2', '5.2', '5.2', '5.2', '5.2', '5.2', '5.2', '5.2', '5.2', '5.2', '5.2', '5.4', '5.2', '5.4', '5.4', '5.4', '5.2', '5.4', '5.4']","['5.4', 'tie', '5.2', 'tie', 'tie', 'tie', '5.4', 'tie', '5.4', '5.4', '5.4', '5.2', '5.4', '5.2', '5.2', 'tie', '5.4', 'tie', '5.4', '5.4', '5.4', '5.4', '5.4', '5.4', '5.4', '5.4', '5.4', '5.4', '5.4', '5.4', '5.2', '5.4', '5.2', '5.2', '5.2', '5.4', '5.2', '5.2']",5.5,"['5.2', '5.4', '5.2', '5.2', '5.2', '5.2', '5.4', '5.2', '5.4', '5.4', '5.2', '5.2', '5.2', '5.2', '5.2', '5.2', '5.2', '5.2', '5.2', '5.2', '5.2', '5.2', '5.2', '5.4', '5.2', '5.4', '5.4', '5.4', '5.2', '5.4', '5.4']","['5.4', '5.2', '5.4', '5.4', '5.4', '5.4', '5.2', '5.4', '5.2', '5.2', '5.4', '5.4', '5.4', '5.4', '5.4', '5.4', '5.4', '5.4', '5.4', '5.4', '5.4', '5.4', '5.4', '5.2', '5.4', '5.2', '5.2', '5.2', '5.4', '5.2', '5.2']",5.2,5.4,21,10,7,38,11,0.6774193548387096,0.5526315789473685,False,0.18421052631578946,5,pilot_2
29,"('5.3', '5.4')","['5.4', '5.4', '5.4', '5.4', '5.4', '5.4', '5.4', '5.4', '5.4', '5.4', '5.4', '5.4', '5.3', '5.3', '5.3', '5.3', '5.4', '5.3', '5.3', '5.3', '5.3', '5.4', '5.4', 'tie', '5.4', '5.4', '5.3', '5.4', 'tie', 'tie', 'tie', '5.4', 'tie', 'tie', 'tie', 'tie', '5.3', '5.4']","['5.3', '5.3', '5.3', '5.3', '5.3', '5.3', '5.3', '5.3', '5.3', '5.3', '5.3', '5.3', '5.4', '5.4', '5.4', '5.4', '5.3', '5.4', '5.4', '5.4', '5.4', '5.3', '5.3', 'tie', '5.3', '5.3', '5.4', '5.3', 'tie', 'tie', 'tie', '5.3', 'tie', 'tie', 'tie', 'tie', '5.4', '5.3']",4.0,"['5.4', '5.4', '5.4', '5.4', '5.4', '5.4', '5.4', '5.4', '5.4', '5.4', '5.4', '5.4', '5.3', '5.3', '5.3', '5.3', '5.4', '5.3', '5.3', '5.3', '5.3', '5.4', '5.4', '5.4', '5.4', '5.3', '5.4', '5.4', '5.3', '5.4']","['5.3', '5.3', '5.3', '5.3', '5.3', '5.3', '5.3', '5.3', '5.3', '5.3', '5.3', '5.3', '5.4', '5.4', '5.4', '5.4', '5.3', '5.4', '5.4', '5.4', '5.4', '5.3', '5.3', '5.3', '5.3', '5.4', '5.3', '5.3', '5.4', '5.3']",5.4,5.3,20,10,8,38,10,0.6666666666666666,0.5263157894736842,False,0.21052631578947367,5,pilot_2
30,"('6.1', '6.2')","['6.1', '6.1', 'tie', '6.1', '6.2', '6.1', '6.1', '6.1', '6.2', '6.2', '6.1', '6.1', '6.2', '6.2', '6.2', '6.2', '6.1', '6.2', '6.1', '6.1', '6.1', '6.2', '6.1', '6.1', '6.2', '6.1', '6.2', '6.2', '6.1', '6.2', '6.1', 'tie', '6.2', '6.2', '6.2', '6.2', '6.1', '6.1']","['6.2', '6.2', 'tie', '6.2', '6.1', '6.2', '6.2', '6.2', '6.1', '6.1', '6.2', '6.2', '6.1', '6.1', '6.1', '6.1', '6.2', '6.1', '6.2', '6.2', '6.2', '6.1', '6.2', '6.2', '6.1', '6.2', '6.1', '6.1', '6.2', '6.1', '6.2', 'tie', '6.1', '6.1', '6.1', '6.1', '6.2', '6.2']",9.0,"['6.1', '6.1', '6.1', '6.2', '6.1', '6.1', '6.1', '6.2', '6.2', '6.1', '6.1', '6.2', '6.2', '6.2', '6.2', '6.1', '6.2', '6.1', '6.1', '6.1', '6.2', '6.1', '6.1', '6.2', '6.1', '6.2', '6.2', '6.1', '6.2', '6.1', '6.2', '6.2', '6.2', '6.2', '6.1', '6.1']","['6.2', '6.2', '6.2', '6.1', '6.2', '6.2', '6.2', '6.1', '6.1', '6.2', '6.2', '6.1', '6.1', '6.1', '6.1', '6.2', '6.1', '6.2', '6.2', '6.2', '6.1', '6.2', '6.2', '6.1', '6.2', '6.1', '6.1', '6.2', '6.1', '6.2', '6.1', '6.1', '6.1', '6.1', '6.2', '6.2']",6.1,6.2,19,17,2,38,2,0.5277777777777778,0.5,True,0.05263157894736842,6,pilot_2
31,"('6.1', '6.3')","['tie', '6.1', '6.1', '6.1', '6.3', '6.3', '6.1', '6.1', '6.3', '6.1', '6.3', '6.1', '6.1', '6.3', '6.1', '6.3', '6.3', '6.3', 'tie', '6.1', '6.1', '6.1', '6.1', '6.1', '6.1', '6.1', '6.1', '6.1', '6.1', '6.3', '6.1', '6.1', '6.1', '6.3', '6.1', '6.1', 'tie', '6.1']","['tie', '6.3', '6.3', '6.3', '6.1', '6.1', '6.3', '6.3', '6.1', '6.3', '6.1', '6.3', '6.3', '6.1', '6.3', '6.1', '6.1', '6.1', 'tie', '6.3', '6.3', '6.3', '6.3', '6.3', '6.3', '6.3', '6.3', '6.3', '6.3', '6.1', '6.3', '6.3', '6.3', '6.1', '6.3', '6.3', 'tie', '6.3']",6.5,"['6.1', '6.1', '6.1', '6.3', '6.3', '6.1', '6.1', '6.3', '6.1', '6.3', '6.1', '6.1', '6.3', '6.1', '6.3', '6.3', '6.3', '6.1', '6.1', '6.1', '6.1', '6.1', '6.1', '6.1', '6.1', '6.1', '6.1', '6.3', '6.1', '6.1', '6.1', '6.3', '6.1', '6.1', '6.1']","['6.3', '6.3', '6.3', '6.1', '6.1', '6.3', '6.3', '6.1', '6.3', '6.1', '6.3', '6.3', '6.1', '6.3', '6.1', '6.1', '6.1', '6.3', '6.3', '6.3', '6.3', '6.3', '6.3', '6.3', '6.3', '6.3', '6.3', '6.1', '6.3', '6.3', '6.3', '6.1', '6.3', '6.3', '6.3']",6.1,6.3,25,10,3,38,15,0.7142857142857143,0.6578947368421053,False,0.07894736842105263,6,pilot_2
32,"('6.1', '6.4')","['6.1', '6.1', '6.1', '6.1', '6.1', '6.1', '6.1', '6.1', '6.1', '6.1', '6.1', '6.1', '6.1', '6.1', '6.1', '6.1', '6.1', '6.1', '6.1', '6.1', '6.1', '6.1', '6.4', 'tie', '6.1', '6.1', '6.1', '6.1', '6.4', '6.1', '6.1', '6.1', '6.1', '6.1', '6.1', '6.1', '6.1', '6.1']","['6.4', '6.4', '6.4', '6.4', '6.4', '6.4', '6.4', '6.4', '6.4', '6.4', '6.4', '6.4', '6.4', '6.4', '6.4', '6.4', '6.4', '6.4', '6.4', '6.4', '6.4', '6.4', '6.1', 'tie', '6.4', '6.4', '6.4', '6.4', '6.1', '6.4', '6.4', '6.4', '6.4', '6.4', '6.4', '6.4', '6.4', '6.4']",2.0,"['6.1', '6.1', '6.1', '6.1', '6.1', '6.1', '6.1', '6.1', '6.1', '6.1', '6.1', '6.1', '6.1', '6.1', '6.1', '6.1', '6.1', '6.1', '6.1', '6.1', '6.1', '6.1', '6.4', '6.1', '6.1', '6.1', '6.1', '6.4', '6.1', '6.1', '6.1', '6.1', '6.1', '6.1', '6.1', '6.1', '6.1']","['6.4', '6.4', '6.4', '6.4', '6.4', '6.4', '6.4', '6.4', '6.4', '6.4', '6.4', '6.4', '6.4', '6.4', '6.4', '6.4', '6.4', '6.4', '6.4', '6.4', '6.4', '6.4', '6.1', '6.4', '6.4', '6.4', '6.4', '6.1', '6.4', '6.4', '6.4', '6.4', '6.4', '6.4', '6.4', '6.4', '6.4']",6.1,6.4,35,2,1,38,33,0.9459459459459459,0.9210526315789473,False,0.02631578947368421,6,pilot_2
33,"('6.2', '6.3')","['6.2', '6.3', 'tie', '6.3', '6.2', '6.2', '6.2', '6.2', '6.2', '6.2', '6.2', 'tie', '6.3', '6.3', '6.3', 'tie', 'tie', '6.3', '6.3', '6.2', '6.3', '6.3', '6.3', '6.2', '6.3', '6.3', '6.2', '6.3', '6.2', '6.2', '6.3', '6.2', '6.2', '6.2', '6.3', '6.3', '6.3', '6.3']","['6.3', '6.2', 'tie', '6.2', '6.3', '6.3', '6.3', '6.3', '6.3', '6.3', '6.3', 'tie', '6.2', '6.2', '6.2', 'tie', 'tie', '6.2', '6.2', '6.3', '6.2', '6.2', '6.2', '6.3', '6.2', '6.2', '6.3', '6.2', '6.3', '6.3', '6.2', '6.3', '6.3', '6.3', '6.2', '6.2', '6.2', '6.2']",6.0,"['6.2', '6.3', '6.3', '6.2', '6.2', '6.2', '6.2', '6.2', '6.2', '6.2', '6.3', '6.3', '6.3', '6.3', '6.3', '6.2', '6.3', '6.3', '6.3', '6.2', '6.3', '6.3', '6.2', '6.3', '6.2', '6.2', '6.3', '6.2', '6.2', '6.2', '6.3', '6.3', '6.3', '6.3']","['6.3', '6.2', '6.2', '6.3', '6.3', '6.3', '6.3', '6.3', '6.3', '6.3', '6.2', '6.2', '6.2', '6.2', '6.2', '6.3', '6.2', '6.2', '6.2', '6.3', '6.2', '6.2', '6.3', '6.2', '6.3', '6.3', '6.2', '6.3', '6.3', '6.3', '6.2', '6.2', '6.2', '6.2']",6.3,6.2,18,16,4,38,2,0.5294117647058824,0.47368421052631576,True,0.10526315789473684,6,pilot_2
34,"('6.2', '6.4')","['6.4', '6.4', '6.4', '6.4', '6.4', '6.4', 'tie', '6.2', 'tie', '6.4', '6.4', '6.4', '6.4', '6.4', '6.4', '6.4', 'tie', '6.4', '6.4', '6.4', '6.4', '6.4', '6.4', '6.4', '6.4', '6.4', '6.4', '6.4', '6.4', '6.4', '6.4', '6.4', '6.4', '6.4', '6.4', '6.4', '6.4', '6.4']","['6.2', '6.2', '6.2', '6.2', '6.2', '6.2', 'tie', '6.4', 'tie', '6.2', '6.2', '6.2', '6.2', '6.2', '6.2', '6.2', 'tie', '6.2', '6.2', '6.2', '6.2', '6.2', '6.2', '6.2', '6.2', '6.2', '6.2', '6.2', '6.2', '6.2', '6.2', '6.2', '6.2', '6.2', '6.2', '6.2', '6.2', '6.2']",1.0,"['6.4', '6.4', '6.4', '6.4', '6.4', '6.4', '6.2', '6.4', '6.4', '6.4', '6.4', '6.4', '6.4', '6.4', '6.4', '6.4', '6.4', '6.4', '6.4', '6.4', '6.4', '6.4', '6.4', '6.4', '6.4', '6.4', '6.4', '6.4', '6.4', '6.4', '6.4', '6.4', '6.4', '6.4', '6.4']","['6.2', '6.2', '6.2', '6.2', '6.2', '6.2', '6.4', '6.2', '6.2', '6.2', '6.2', '6.2', '6.2', '6.2', '6.2', '6.2', '6.2', '6.2', '6.2', '6.2', '6.2', '6.2', '6.2', '6.2', '6.2', '6.2', '6.2', '6.2', '6.2', '6.2', '6.2', '6.2', '6.2', '6.2', '6.2']",6.4,6.2,34,1,3,38,33,0.9714285714285714,0.8947368421052632,False,0.07894736842105263,6,pilot_2
35,"('6.3', '6.4')","['6.3', '6.4', '6.4', '6.3', '6.3', '6.4', '6.3', '6.3', '6.3', '6.3', '6.3', '6.3', '6.4', '6.4', '6.4', '6.3', '6.4', '6.3', '6.4', '6.4', 'tie', '6.3', '6.3', 'tie', 'tie', '6.3', '6.3', '6.4', '6.3', '6.4', '6.3', '6.3', '6.3', '6.3', '6.3', '6.4', 'tie', '6.3']","['6.4', '6.3', '6.3', '6.4', '6.4', '6.3', '6.4', '6.4', '6.4', '6.4', '6.4', '6.4', '6.3', '6.3', '6.3', '6.4', '6.3', '6.4', '6.3', '6.3', 'tie', '6.4', '6.4', 'tie', 'tie', '6.4', '6.4', '6.3', '6.4', '6.3', '6.4', '6.4', '6.4', '6.4', '6.4', '6.3', 'tie', '6.4']",8.0,"['6.3', '6.4', '6.4', '6.3', '6.3', '6.4', '6.3', '6.3', '6.3', '6.3', '6.3', '6.3', '6.4', '6.4', '6.4', '6.3', '6.4', '6.3', '6.4', '6.4', '6.3', '6.3', '6.3', '6.3', '6.4', '6.3', '6.4', '6.3', '6.3', '6.3', '6.3', '6.3', '6.4', '6.3']","['6.4', '6.3', '6.3', '6.4', '6.4', '6.3', '6.4', '6.4', '6.4', '6.4', '6.4', '6.4', '6.3', '6.3', '6.3', '6.4', '6.3', '6.4', '6.3', '6.3', '6.4', '6.4', '6.4', '6.4', '6.3', '6.4', '6.3', '6.4', '6.4', '6.4', '6.4', '6.4', '6.3', '6.4']",6.3,6.4,22,12,4,38,10,0.6470588235294118,0.5789473684210527,False,0.10526315789473684,6,pilot_2
